Season,round,home,visitor,hgoal,vgoal,tothgoal,totvgoal,totagg_home,totagg_visitor
1999,GroupB-prelim,ACF Fiorentina,Arsenal,0,0,0,0,1,0
1999,GroupB-prelim,AIK Solna,Barcelona,1,2,1,2,1,7
1999,GroupA-prelim,Bayer Leverkusen,Lazio,1,1,1,1,2,2
1999,GroupC-prelim,Boavista,Rosenborg BK,0,3,0,3,0,5
1999,GroupC-prelim,Feyenoord,Borussia Dortmund,1,1,1,1,2,2
1999,GroupA-prelim,Dinamo Kiev,NK Maribor,0,1,0,1,2,2
1999,GroupD-prelim,Manchester United,Dinamo Zagreb,0,0,0,0,2,1
1999,GroupD-prelim,Olympique Marseille,Sturm Graz,2,0,2,0,4,3
1999,GroupH-prelim,Chelsea,AC Milan,0,0,0,0,1,1
1999,GroupF-prelim,Bayern Munich,PSV Eindhoven,2,1,2,1,3,3
1999,GroupE-prelim,Molde FK,FC Porto,0,1,0,1,1,4
1999,GroupH-prelim,Galatasaray,Hertha BSC,2,2,2,2,6,3
1999,GroupG-prelim,Sparta Praha,Girondins Bordeaux,0,0,0,0,0,0
1999,GroupE-prelim,Olympiacos,Real Madrid,3,3,3,3,3,6
1999,GroupF-prelim,Valencia CF,Rangers,2,0,2,0,4,1
1999,GroupG-prelim,Willem II,Spartak Moskva,1,3,1,3,2,4
1999,GroupH-prelim,AC Milan,Galatasaray,2,1,2,1,4,4
1999,GroupF-prelim,Rangers,Bayern Munich,1,1,1,1,1,2
1999,GroupH-prelim,Hertha BSC,Chelsea,2,1,2,1,2,3
1999,GroupE-prelim,FC Porto,Olympiacos,2,0,2,0,2,1
1999,GroupG-prelim,Girondins Bordeaux,Willem II,3,2,3,2,3,2
1999,GroupE-prelim,Real Madrid,Molde FK,4,1,4,1,5,1
1999,GroupF-prelim,PSV Eindhoven,Valencia CF,1,1,1,1,1,2
1999,GroupG-prelim,Spartak Moskva,Sparta Praha,1,1,1,1,3,6
1999,GroupB-prelim,Barcelona,ACF Fiorentina,4,2,4,2,7,5
1999,GroupB-prelim,Arsenal,AIK Solna,3,1,3,1,6,3
1999,GroupA-prelim,NK Maribor,Bayer Leverkusen,0,2,0,2,0,2
1999,GroupC-prelim,Borussia Dortmund,Boavista,3,1,3,1,3,2
1999,GroupA-prelim,Lazio,Dinamo Kiev,2,1,2,1,3,1
1999,GroupD-prelim,Dinamo Zagreb,Olympique Marseille,1,2,1,2,3,4
1999,GroupC-prelim,Rosenborg BK,Feyenoord,2,2,2,2,2,3
1999,GroupD-prelim,Sturm Graz,Manchester United,0,3,0,3,1,5
1999,GroupH-prelim,AC Milan,Hertha BSC,1,1,1,1,1,2
1999,GroupF-prelim,Bayern Munich,Valencia CF,1,1,1,1,2,2
1999,GroupH-prelim,Chelsea,Galatasaray,1,0,1,0,6,0
1999,GroupE-prelim,Real Madrid,FC Porto,3,1,3,1,4,3
1999,GroupG-prelim,Girondins Bordeaux,Spartak Moskva,2,1,2,1,4,2
1999,GroupE-prelim,Olympiacos,Molde FK,3,1,3,1,5,4
1999,GroupF-prelim,PSV Eindhoven,Rangers,0,1,0,1,1,5
1999,GroupG-prelim,Sparta Praha,Willem II,4,0,4,0,8,3
1999,GroupB-prelim,AIK Solna,ACF Fiorentina,0,0,0,0,0,3
1999,GroupB-prelim,Barcelona,Arsenal,1,1,1,1,5,3
1999,GroupA-prelim,Bayer Leverkusen,Dinamo Kiev,1,1,1,1,3,5
1999,GroupC-prelim,Boavista,Feyenoord,1,1,1,1,2,2
1999,GroupC-prelim,Rosenborg BK,Borussia Dortmund,2,2,2,2,5,2
1999,GroupD-prelim,Dinamo Zagreb,Sturm Graz,3,0,3,0,3,1
1999,GroupA-prelim,Lazio,NK Maribor,4,0,4,0,8,0
1999,GroupD-prelim,Manchester United,Olympique Marseille,2,1,2,1,2,2
1999,GroupB-prelim,ACF Fiorentina,AIK Solna,3,0,3,0,3,0
1999,GroupB-prelim,Arsenal,Barcelona,2,4,2,4,3,5
1999,GroupA-prelim,Dinamo Kiev,Bayer Leverkusen,4,2,4,2,5,3
1999,GroupC-prelim,Feyenoord,Boavista,1,1,1,1,2,2
1999,GroupC-prelim,Borussia Dortmund,Rosenborg BK,0,3,0,3,2,5
1999,GroupD-prelim,Sturm Graz,Dinamo Zagreb,1,0,1,0,1,3
1999,GroupA-prelim,NK Maribor,Lazio,0,4,0,4,0,8
1999,GroupD-prelim,Olympique Marseille,Manchester United,1,0,1,0,2,2
1999,GroupH-prelim,Hertha BSC,AC Milan,1,0,1,0,2,1
1999,GroupF-prelim,Valencia CF,Bayern Munich,1,1,1,1,2,2
1999,GroupH-prelim,Galatasaray,Chelsea,0,5,0,5,0,6
1999,GroupE-prelim,FC Porto,Real Madrid,2,1,2,1,3,4
1999,GroupG-prelim,Spartak Moskva,Girondins Bordeaux,1,2,1,2,2,4
1999,GroupE-prelim,Molde FK,Olympiacos,3,2,3,2,4,5
1999,GroupF-prelim,Rangers,PSV Eindhoven,4,1,4,1,5,1
1999,GroupG-prelim,Willem II,Sparta Praha,3,4,3,4,3,8
1999,GroupH-prelim,AC Milan,Chelsea,1,1,1,1,1,1
1999,GroupF-prelim,PSV Eindhoven,Bayern Munich,2,1,2,1,3,3
1999,GroupE-prelim,FC Porto,Molde FK,3,1,3,1,4,1
1999,GroupH-prelim,Hertha BSC,Galatasaray,1,4,1,4,3,6
1999,GroupG-prelim,Girondins Bordeaux,Sparta Praha,0,0,0,0,0,0
1999,GroupE-prelim,Real Madrid,Olympiacos,3,0,3,0,6,3
1999,GroupF-prelim,Rangers,Valencia CF,1,2,1,2,1,4
1999,GroupG-prelim,Spartak Moskva,Willem II,1,1,1,1,4,2
1999,GroupB-prelim,Arsenal,ACF Fiorentina,0,1,0,1,0,1
1999,GroupB-prelim,Barcelona,AIK Solna,5,0,5,0,7,1
1999,GroupA-prelim,Lazio,Bayer Leverkusen,1,1,1,1,2,2
1999,GroupC-prelim,Rosenborg BK,Boavista,2,0,2,0,5,0
1999,GroupC-prelim,Borussia Dortmund,Feyenoord,1,1,1,1,2,2
1999,GroupA-prelim,NK Maribor,Dinamo Kiev,1,2,1,2,2,2
1999,GroupD-prelim,Dinamo Zagreb,Manchester United,1,2,1,2,1,2
1999,GroupD-prelim,Sturm Graz,Olympique Marseille,3,2,3,2,3,4
1999,GroupB-prelim,ACF Fiorentina,Barcelona,3,3,3,3,5,7
1999,GroupB-prelim,AIK Solna,Arsenal,2,3,2,3,3,6
1999,GroupA-prelim,Bayer Leverkusen,NK Maribor,0,0,0,0,2,0
1999,GroupC-prelim,Boavista,Borussia Dortmund,1,0,1,0,2,3
1999,GroupA-prelim,Dinamo Kiev,Lazio,0,1,0,1,1,3
1999,GroupD-prelim,Olympique Marseille,Dinamo Zagreb,2,2,2,2,4,3
1999,GroupC-prelim,Feyenoord,Rosenborg BK,1,0,1,0,3,2
1999,GroupD-prelim,Manchester United,Sturm Graz,2,1,2,1,5,1
1999,GroupH-prelim,Galatasaray,AC Milan,3,2,3,2,4,4
1999,GroupF-prelim,Bayern Munich,Rangers,1,0,1,0,2,1
1999,GroupH-prelim,Chelsea,Hertha BSC,2,0,2,0,3,2
1999,GroupE-prelim,Olympiacos,FC Porto,1,0,1,0,1,2
1999,GroupG-prelim,Willem II,Girondins Bordeaux,0,0,0,0,2,3
1999,GroupE-prelim,Molde FK,Real Madrid,0,1,0,1,1,5
1999,GroupF-prelim,Valencia CF,PSV Eindhoven,1,0,1,0,2,1
1999,GroupG-prelim,Sparta Praha,Spartak Moskva,5,2,5,2,6,3
1999,GroupB-inter,ACF Fiorentina,Manchester United,2,0,2,0,3,3
1999,GroupA-inter,Hertha BSC,Barcelona,1,1,1,1,2,4
1999,GroupA-inter,Sparta Praha,FC Porto,0,2,0,2,2,4
1999,GroupB-inter,Valencia CF,Girondins Bordeaux,3,0,3,0,7,1
1999,GroupC-inter,Rosenborg BK,Bayern Munich,1,1,1,1,2,3
1999,GroupD-inter,Chelsea,Feyenoord,3,1,3,1,6,2
1999,GroupC-inter,Dinamo Kiev,Real Madrid,1,2,1,2,3,4
1999,GroupD-inter,Olympique Marseille,Lazio,0,2,0,2,1,7
1999,GroupC-inter,Bayern Munich,Dinamo Kiev,2,1,2,1,2,3
1999,GroupD-inter,Lazio,Chelsea,0,0,0,0,2,1
1999,GroupD-inter,Feyenoord,Olympique Marseille,3,0,3,0,3,0
1999,GroupC-inter,Real Madrid,Rosenborg BK,3,1,3,1,4,1
1999,GroupB-inter,Girondins Bordeaux,ACF Fiorentina,0,0,0,0,3,3
1999,GroupA-inter,Barcelona,Sparta Praha,5,0,5,0,7,1
1999,GroupA-inter,FC Porto,Hertha BSC,1,0,1,0,2,0
1999,GroupB-inter,Manchester United,Valencia CF,3,0,3,0,3,0
1999,GroupC-inter,Real Madrid,Bayern Munich,2,4,2,4,3,8
1999,GroupD-inter,Olympique Marseille,Chelsea,1,0,1,0,1,1
1999,GroupC-inter,Dinamo Kiev,Rosenborg BK,2,1,2,1,4,2
1999,GroupD-inter,Lazio,Feyenoord,1,2,1,2,1,2
1999,GroupB-inter,ACF Fiorentina,Valencia CF,1,0,1,0,1,2
1999,GroupA-inter,Barcelona,FC Porto,4,2,4,2,6,2
1999,GroupB-inter,Manchester United,Girondins Bordeaux,2,0,2,0,4,1
1999,GroupA-inter,Hertha BSC,Sparta Praha,1,1,1,1,1,2
1999,GroupB-inter,Valencia CF,ACF Fiorentina,2,0,2,0,2,1
1999,GroupA-inter,FC Porto,Barcelona,0,2,0,2,2,6
1999,GroupB-inter,Girondins Bordeaux,Manchester United,1,2,1,2,1,4
1999,GroupA-inter,Sparta Praha,Hertha BSC,1,0,1,0,2,1
1999,GroupC-inter,Bayern Munich,Real Madrid,4,1,4,1,8,3
1999,GroupD-inter,Chelsea,Olympique Marseille,1,0,1,0,1,1
1999,GroupC-inter,Rosenborg BK,Dinamo Kiev,1,2,1,2,2,4
1999,GroupD-inter,Feyenoord,Lazio,0,0,0,0,2,1
1999,GroupC-inter,Bayern Munich,Rosenborg BK,2,1,2,1,3,2
1999,GroupD-inter,Feyenoord,Chelsea,1,3,1,3,2,6
1999,GroupC-inter,Real Madrid,Dinamo Kiev,2,2,2,2,4,3
1999,GroupD-inter,Lazio,Olympique Marseille,5,1,5,1,7,1
1999,GroupB-inter,Manchester United,ACF Fiorentina,3,1,3,1,3,3
1999,GroupA-inter,Barcelona,Hertha BSC,3,1,3,1,4,2
1999,GroupA-inter,FC Porto,Sparta Praha,2,2,2,2,4,2
1999,GroupB-inter,Girondins Bordeaux,Valencia CF,1,4,1,4,1,7
1999,GroupB-inter,ACF Fiorentina,Girondins Bordeaux,3,3,3,3,3,3
1999,GroupA-inter,Sparta Praha,Barcelona,1,2,1,2,1,7
1999,GroupA-inter,Hertha BSC,FC Porto,0,1,0,1,0,2
1999,GroupB-inter,Valencia CF,Manchester United,0,0,0,0,0,3
1999,GroupC-inter,Dinamo Kiev,Bayern Munich,2,0,2,0,3,2
1999,GroupD-inter,Chelsea,Lazio,1,2,1,2,1,2
1999,GroupD-inter,Olympique Marseille,Feyenoord,0,0,0,0,0,3
1999,GroupC-inter,Rosenborg BK,Real Madrid,0,1,0,1,1,4
2000,GroupB-prelim,Sparta Praha,Arsenal,0,1,0,1,2,5
2000,GroupD-prelim,Galatasaray,AS Monaco,3,2,3,2,5,6
2000,GroupA-prelim,Spartak Moskva,Bayer Leverkusen,2,0,2,0,2,1
2000,GroupB-prelim,Shakhtar Donetsk,Lazio,0,3,0,3,1,8
2000,GroupC-prelim,Valencia CF,Olympiacos,2,1,2,1,2,2
2000,GroupC-prelim,Olympique Lyon,sc Heerenveen,3,1,3,1,5,1
2000,GroupD-prelim,Rangers,Sturm Graz,5,0,5,0,5,2
2000,GroupA-prelim,Sporting CP,Real Madrid,2,2,2,2,2,6
2000,GroupH-prelim,AC Milan,Besiktas,4,1,4,1,6,1
2000,GroupH-prelim,Barcelona,Leeds United,4,0,4,0,5,1
2000,GroupF-prelim,Helsingborgs IF,Bayern Munich,1,3,1,3,1,3
2000,GroupE-prelim,Panathinaikos,Deportivo La Coruna,1,1,1,1,1,2
2000,GroupG-prelim,PSV Eindhoven,Dinamo Kiev,2,1,2,1,3,1
2000,GroupE-prelim,Hamburger SV,Juventus,4,4,4,4,7,5
2000,GroupG-prelim,Manchester United,RSC Anderlecht,5,1,5,1,6,3
2000,GroupF-prelim,Rosenborg BK,Paris Saint-Germain,3,1,3,1,5,8
2000,GroupH-prelim,Leeds United,AC Milan,1,0,1,0,2,1
2000,GroupH-prelim,Besiktas,Barcelona,3,0,3,0,3,5
2000,GroupF-prelim,Bayern Munich,Rosenborg BK,3,1,3,1,4,2
2000,GroupE-prelim,Deportivo La Coruna,Hamburger SV,2,1,2,1,3,2
2000,GroupG-prelim,Dinamo Kiev,Manchester United,0,0,0,0,0,1
2000,GroupF-prelim,Paris Saint-Germain,Helsingborgs IF,4,1,4,1,5,2
2000,GroupE-prelim,Juventus,Panathinaikos,2,1,2,1,3,4
2000,GroupG-prelim,RSC Anderlecht,PSV Eindhoven,1,0,1,0,4,2
2000,GroupB-prelim,Arsenal,Shakhtar Donetsk,3,2,3,2,3,5
2000,GroupD-prelim,AS Monaco,Rangers,0,1,0,1,2,3
2000,GroupA-prelim,Bayer Leverkusen,Sporting CP,3,2,3,2,3,2
2000,GroupD-prelim,Sturm Graz,Galatasaray,3,0,3,0,5,2
2000,GroupB-prelim,Lazio,Sparta Praha,3,0,3,0,4,0
2000,GroupC-prelim,Olympiacos,Olympique Lyon,2,1,2,1,2,2
2000,GroupA-prelim,Real Madrid,Spartak Moskva,1,0,1,0,1,1
2000,GroupC-prelim,sc Heerenveen,Valencia CF,0,1,0,1,1,2
2000,GroupH-prelim,Barcelona,AC Milan,0,2,0,2,3,5
2000,GroupF-prelim,Paris Saint-Germain,Bayern Munich,1,0,1,0,1,2
2000,GroupH-prelim,Leeds United,Besiktas,6,0,6,0,6,0
2000,GroupE-prelim,Juventus,Deportivo La Coruna,0,0,0,0,1,1
2000,GroupG-prelim,Dinamo Kiev,RSC Anderlecht,4,0,4,0,6,4
2000,GroupE-prelim,Hamburger SV,Panathinaikos,0,1,0,1,0,1
2000,GroupF-prelim,Rosenborg BK,Helsingborgs IF,6,1,6,1,6,3
2000,GroupG-prelim,PSV Eindhoven,Manchester United,3,1,3,1,4,4
2000,GroupB-prelim,Arsenal,Lazio,2,0,2,0,3,1
2000,GroupD-prelim,AS Monaco,Sturm Graz,5,0,5,0,5,2
2000,GroupA-prelim,Bayer Leverkusen,Real Madrid,2,3,2,3,5,8
2000,GroupD-prelim,Galatasaray,Rangers,3,2,3,2,3,2
2000,GroupC-prelim,Olympiacos,sc Heerenveen,2,0,2,0,2,1
2000,GroupC-prelim,Valencia CF,Olympique Lyon,1,0,1,0,3,1
2000,GroupB-prelim,Sparta Praha,Shakhtar Donetsk,3,2,3,2,4,4
2000,GroupA-prelim,Spartak Moskva,Sporting CP,3,1,3,1,6,1
2000,GroupB-prelim,Lazio,Arsenal,1,1,1,1,1,3
2000,GroupD-prelim,Sturm Graz,AS Monaco,2,0,2,0,2,5
2000,GroupA-prelim,Real Madrid,Bayer Leverkusen,5,3,5,3,8,5
2000,GroupD-prelim,Rangers,Galatasaray,0,0,0,0,2,3
2000,GroupC-prelim,sc Heerenveen,Olympiacos,1,0,1,0,1,2
2000,GroupC-prelim,Olympique Lyon,Valencia CF,1,2,1,2,1,3
2000,GroupB-prelim,Shakhtar Donetsk,Sparta Praha,2,1,2,1,4,4
2000,GroupA-prelim,Sporting CP,Spartak Moskva,0,3,0,3,1,6
2000,GroupH-prelim,AC Milan,Barcelona,3,3,3,3,5,3
2000,GroupF-prelim,Bayern Munich,Paris Saint-Germain,2,0,2,0,2,1
2000,GroupH-prelim,Besiktas,Leeds United,0,0,0,0,0,6
2000,GroupE-prelim,Deportivo La Coruna,Juventus,1,1,1,1,1,1
2000,GroupG-prelim,RSC Anderlecht,Dinamo Kiev,4,2,4,2,4,6
2000,GroupE-prelim,Panathinaikos,Hamburger SV,0,0,0,0,1,0
2000,GroupF-prelim,Helsingborgs IF,Rosenborg BK,2,0,2,0,3,6
2000,GroupG-prelim,Manchester United,PSV Eindhoven,3,1,3,1,4,4
2000,GroupH-prelim,Besiktas,AC Milan,0,2,0,2,1,6
2000,GroupH-prelim,Leeds United,Barcelona,1,1,1,1,1,5
2000,GroupF-prelim,Bayern Munich,Helsingborgs IF,0,0,0,0,3,1
2000,GroupE-prelim,Deportivo La Coruna,Panathinaikos,1,0,1,0,2,1
2000,GroupG-prelim,Dinamo Kiev,PSV Eindhoven,0,1,0,1,1,3
2000,GroupE-prelim,Juventus,Hamburger SV,1,3,1,3,5,7
2000,GroupG-prelim,RSC Anderlecht,Manchester United,2,1,2,1,3,6
2000,GroupF-prelim,Paris Saint-Germain,Rosenborg BK,7,2,7,2,8,5
2000,GroupB-prelim,Arsenal,Sparta Praha,4,2,4,2,5,2
2000,GroupD-prelim,AS Monaco,Galatasaray,4,2,4,2,6,5
2000,GroupA-prelim,Bayer Leverkusen,Spartak Moskva,1,0,1,0,1,2
2000,GroupB-prelim,Lazio,Shakhtar Donetsk,5,1,5,1,8,1
2000,GroupC-prelim,Olympiacos,Valencia CF,1,0,1,0,2,2
2000,GroupC-prelim,sc Heerenveen,Olympique Lyon,0,2,0,2,1,5
2000,GroupD-prelim,Sturm Graz,Rangers,2,0,2,0,2,5
2000,GroupA-prelim,Real Madrid,Sporting CP,4,0,4,0,6,2
2000,GroupB-prelim,Shakhtar Donetsk,Arsenal,3,0,3,0,5,3
2000,GroupD-prelim,Rangers,AS Monaco,2,2,2,2,3,2
2000,GroupA-prelim,Sporting CP,Bayer Leverkusen,0,0,0,0,2,3
2000,GroupD-prelim,Galatasaray,Sturm Graz,2,2,2,2,2,5
2000,GroupB-prelim,Sparta Praha,Lazio,0,1,0,1,0,4
2000,GroupC-prelim,Olympique Lyon,Olympiacos,1,0,1,0,2,2
2000,GroupA-prelim,Spartak Moskva,Real Madrid,1,0,1,0,1,1
2000,GroupC-prelim,Valencia CF,sc Heerenveen,1,1,1,1,2,1
2000,GroupH-prelim,AC Milan,Leeds United,1,1,1,1,1,2
2000,GroupH-prelim,Barcelona,Besiktas,5,0,5,0,5,3
2000,GroupF-prelim,Rosenborg BK,Bayern Munich,1,1,1,1,2,4
2000,GroupE-prelim,Hamburger SV,Deportivo La Coruna,1,1,1,1,2,3
2000,GroupG-prelim,Manchester United,Dinamo Kiev,1,0,1,0,1,0
2000,GroupF-prelim,Helsingborgs IF,Paris Saint-Germain,1,1,1,1,2,5
2000,GroupE-prelim,Panathinaikos,Juventus,3,1,3,1,4,3
2000,GroupG-prelim,PSV Eindhoven,RSC Anderlecht,2,3,2,3,2,4
2000,GroupB-inter,AC Milan,Galatasaray,2,2,2,2,2,4
2000,GroupB-inter,Paris Saint-Germain,Deportivo La Coruna,1,3,1,3,4,7
2000,GroupA-inter,Manchester United,Panathinaikos,3,1,3,1,4,2
2000,GroupA-inter,Valencia CF,Sturm Graz,2,0,2,0,7,0
2000,GroupC-inter,Spartak Moskva,Arsenal,4,1,4,1,4,2
2000,GroupC-inter,Bayern Munich,Olympique Lyon,1,0,1,0,1,3
2000,GroupD-inter,RSC Anderlecht,Lazio,1,0,1,0,2,2
2000,GroupD-inter,Leeds United,Real Madrid,0,2,0,2,2,5
2000,GroupC-inter,Arsenal,Bayern Munich,2,2,2,2,2,3
2000,GroupD-inter,Lazio,Leeds United,0,1,0,1,3,4
2000,GroupC-inter,Olympique Lyon,Spartak Moskva,3,0,3,0,4,1
2000,GroupD-inter,Real Madrid,RSC Anderlecht,4,1,4,1,4,3
2000,GroupB-inter,Deportivo La Coruna,AC Milan,0,1,0,1,1,2
2000,GroupB-inter,Galatasaray,Paris Saint-Germain,1,0,1,0,1,2
2000,GroupA-inter,Sturm Graz,Manchester United,0,2,0,2,0,5
2000,GroupA-inter,Panathinaikos,Valencia CF,0,0,0,0,1,2
2000,GroupC-inter,Olympique Lyon,Arsenal,0,1,0,1,1,2
2000,GroupC-inter,Bayern Munich,Spartak Moskva,1,0,1,0,4,0
2000,GroupD-inter,Real Madrid,Lazio,3,2,3,2,5,4
2000,GroupD-inter,Leeds United,RSC Anderlecht,2,1,2,1,6,2
2000,GroupB-inter,AC Milan,Paris Saint-Germain,1,1,1,1,2,2
2000,GroupB-inter,Galatasaray,Deportivo La Coruna,1,0,1,0,1,2
2000,GroupA-inter,Valencia CF,Manchester United,0,0,0,0,1,1
2000,GroupA-inter,Sturm Graz,Panathinaikos,2,0,2,0,4,1
2000,GroupB-inter,Paris Saint-Germain,AC Milan,1,1,1,1,2,2
2000,GroupB-inter,Deportivo La Coruna,Galatasaray,2,0,2,0,2,1
2000,GroupA-inter,Manchester United,Valencia CF,1,1,1,1,1,1
2000,GroupA-inter,Panathinaikos,Sturm Graz,1,2,1,2,1,4
2000,GroupC-inter,Arsenal,Olympique Lyon,1,1,1,1,2,1
2000,GroupC-inter,Spartak Moskva,Bayern Munich,0,3,0,3,0,4
2000,GroupD-inter,Lazio,Real Madrid,2,2,2,2,4,5
2000,GroupD-inter,RSC Anderlecht,Leeds United,1,4,1,4,2,6
2000,GroupC-inter,Arsenal,Spartak Moskva,1,0,1,0,2,4
2000,GroupC-inter,Olympique Lyon,Bayern Munich,3,0,3,0,3,1
2000,GroupD-inter,Lazio,RSC Anderlecht,2,1,2,1,2,2
2000,GroupD-inter,Real Madrid,Leeds United,3,2,3,2,5,2
2000,GroupB-inter,Galatasaray,AC Milan,2,0,2,0,4,2
2000,GroupB-inter,Deportivo La Coruna,Paris Saint-Germain,4,3,4,3,7,4
2000,GroupA-inter,Panathinaikos,Manchester United,1,1,1,1,2,4
2000,GroupA-inter,Sturm Graz,Valencia CF,0,5,0,5,0,7
2000,GroupB-inter,AC Milan,Deportivo La Coruna,1,1,1,1,2,1
2000,GroupB-inter,Paris Saint-Germain,Galatasaray,2,0,2,0,2,1
2000,GroupA-inter,Manchester United,Sturm Graz,3,0,3,0,5,0
2000,GroupA-inter,Valencia CF,Panathinaikos,2,1,2,1,2,1
2000,GroupC-inter,Bayern Munich,Arsenal,1,0,1,0,3,2
2000,GroupD-inter,Leeds United,Lazio,3,3,3,3,4,3
2000,GroupC-inter,Spartak Moskva,Olympique Lyon,1,1,1,1,1,4
2000,GroupD-inter,RSC Anderlecht,Real Madrid,2,0,2,0,3,4
2001,GroupC-prelim,RCD Mallorca,Arsenal,1,0,1,0,2,3
2001,GroupA-prelim,AS Roma,Real Madrid,1,2,1,2,2,3
2001,GroupB-prelim,Liverpool,Boavista,1,1,1,1,2,2
2001,GroupB-prelim,Dinamo Kiev,Borussia Dortmund,2,2,2,2,2,3
2001,GroupD-prelim,Galatasaray,Lazio,1,0,1,0,1,1
2001,GroupA-prelim,Lokomotiv Moskva,RSC Anderlecht,1,1,1,1,6,2
2001,GroupD-prelim,Nantes,PSV Eindhoven,4,1,4,1,4,1
2001,GroupC-prelim,Schalke 04,Panathinaikos,0,2,0,2,0,4
2001,GroupF-prelim,Fenerbahce,Barcelona,0,3,0,3,0,4
2001,GroupF-prelim,Olympique Lyon,Bayer Leverkusen,0,1,0,1,4,3
2001,GroupH-prelim,Bayern Munich,Sparta Praha,0,0,0,0,1,0
2001,GroupE-prelim,Juventus,Celtic,3,2,3,2,6,6
2001,GroupG-prelim,Deportivo La Coruna,Olympiacos,2,2,2,2,3,3
2001,GroupE-prelim,Rosenborg BK,FC Porto,1,2,1,2,1,3
2001,GroupH-prelim,Spartak Moskva,Feyenoord,2,2,2,2,3,4
2001,GroupG-prelim,Manchester United,Lille OSC,1,0,1,0,2,1
2001,GroupC-prelim,Arsenal,Schalke 04,3,2,3,2,4,5
2001,GroupA-prelim,RSC Anderlecht,AS Roma,0,0,0,0,1,1
2001,GroupB-prelim,Boavista,Dinamo Kiev,3,1,3,1,3,2
2001,GroupB-prelim,Borussia Dortmund,Liverpool,0,0,0,0,0,2
2001,GroupD-prelim,PSV Eindhoven,Galatasaray,3,1,3,1,3,3
2001,GroupD-prelim,Lazio,Nantes,1,3,1,3,1,4
2001,GroupA-prelim,Real Madrid,Lokomotiv Moskva,4,0,4,0,4,2
2001,GroupC-prelim,Panathinaikos,RCD Mallorca,2,0,2,0,2,1
2001,GroupG-prelim,Deportivo La Coruna,Manchester United,2,1,2,1,5,3
2001,GroupF-prelim,Bayer Leverkusen,Barcelona,2,1,2,1,3,3
2001,GroupH-prelim,Spartak Moskva,Bayern Munich,1,3,1,3,2,8
2001,GroupE-prelim,Celtic,FC Porto,1,0,1,0,1,3
2001,GroupF-prelim,Fenerbahce,Olympique Lyon,0,1,0,1,1,4
2001,GroupH-prelim,Sparta Praha,Feyenoord,4,0,4,0,6,0
2001,GroupE-prelim,Rosenborg BK,Juventus,1,1,1,1,1,2
2001,GroupG-prelim,Lille OSC,Olympiacos,3,1,3,1,4,3
2001,GroupC-prelim,Panathinaikos,Arsenal,1,0,1,0,2,2
2001,GroupA-prelim,AS Roma,Lokomotiv Moskva,2,1,2,1,3,1
2001,GroupB-prelim,Boavista,Borussia Dortmund,2,1,2,1,3,3
2001,GroupB-prelim,Liverpool,Dinamo Kiev,1,0,1,0,3,1
2001,GroupD-prelim,Nantes,Galatasaray,0,1,0,1,0,1
2001,GroupD-prelim,PSV Eindhoven,Lazio,1,0,1,0,2,2
2001,GroupC-prelim,Schalke 04,RCD Mallorca,0,1,0,1,4,1
2001,GroupA-prelim,Real Madrid,RSC Anderlecht,4,1,4,1,6,1
2001,GroupF-prelim,Barcelona,Olympique Lyon,2,0,2,0,5,2
2001,GroupF-prelim,Bayer Leverkusen,Fenerbahce,2,1,2,1,4,2
2001,GroupH-prelim,Feyenoord,Bayern Munich,2,2,2,2,3,5
2001,GroupE-prelim,Celtic,Rosenborg BK,1,0,1,0,1,2
2001,GroupG-prelim,Lille OSC,Deportivo La Coruna,1,1,1,1,2,2
2001,GroupE-prelim,FC Porto,Juventus,0,0,0,0,1,3
2001,GroupG-prelim,Olympiacos,Manchester United,0,2,0,2,0,5
2001,GroupH-prelim,Sparta Praha,Spartak Moskva,2,0,2,0,4,2
2001,GroupC-prelim,Arsenal,Panathinaikos,2,1,2,1,2,2
2001,GroupA-prelim,Lokomotiv Moskva,AS Roma,0,1,0,1,1,3
2001,GroupB-prelim,Borussia Dortmund,Boavista,2,1,2,1,3,3
2001,GroupB-prelim,Dinamo Kiev,Liverpool,1,2,1,2,1,3
2001,GroupD-prelim,Galatasaray,Nantes,0,0,0,0,1,0
2001,GroupD-prelim,Lazio,PSV Eindhoven,2,1,2,1,2,2
2001,GroupC-prelim,RCD Mallorca,Schalke 04,0,4,0,4,1,4
2001,GroupA-prelim,RSC Anderlecht,Real Madrid,0,2,0,2,1,6
2001,GroupG-prelim,Manchester United,Deportivo La Coruna,2,3,2,3,3,5
2001,GroupF-prelim,Barcelona,Bayer Leverkusen,2,1,2,1,3,3
2001,GroupH-prelim,Bayern Munich,Spartak Moskva,5,1,5,1,8,2
2001,GroupE-prelim,FC Porto,Celtic,3,0,3,0,3,1
2001,GroupF-prelim,Olympique Lyon,Fenerbahce,3,1,3,1,4,1
2001,GroupH-prelim,Feyenoord,Sparta Praha,0,2,0,2,0,6
2001,GroupE-prelim,Juventus,Rosenborg BK,1,0,1,0,2,1
2001,GroupG-prelim,Olympiacos,Lille OSC,2,1,2,1,3,4
2001,GroupF-prelim,Olympique Lyon,Barcelona,2,3,2,3,2,5
2001,GroupF-prelim,Fenerbahce,Bayer Leverkusen,1,2,1,2,2,4
2001,GroupH-prelim,Bayern Munich,Feyenoord,3,1,3,1,5,3
2001,GroupE-prelim,Rosenborg BK,Celtic,2,0,2,0,2,1
2001,GroupG-prelim,Deportivo La Coruna,Lille OSC,1,1,1,1,2,2
2001,GroupE-prelim,Juventus,FC Porto,3,1,3,1,3,1
2001,GroupG-prelim,Manchester United,Olympiacos,3,0,3,0,5,0
2001,GroupH-prelim,Spartak Moskva,Sparta Praha,2,2,2,2,2,4
2001,GroupC-prelim,Arsenal,RCD Mallorca,3,1,3,1,3,2
2001,GroupA-prelim,Real Madrid,AS Roma,1,1,1,1,3,2
2001,GroupB-prelim,Boavista,Liverpool,1,1,1,1,2,2
2001,GroupB-prelim,Borussia Dortmund,Dinamo Kiev,1,0,1,0,3,2
2001,GroupD-prelim,Lazio,Galatasaray,1,0,1,0,1,1
2001,GroupA-prelim,RSC Anderlecht,Lokomotiv Moskva,1,5,1,5,2,6
2001,GroupD-prelim,PSV Eindhoven,Nantes,0,0,0,0,1,4
2001,GroupC-prelim,Panathinaikos,Schalke 04,2,0,2,0,4,0
2001,GroupC-prelim,Schalke 04,Arsenal,3,1,3,1,5,4
2001,GroupA-prelim,AS Roma,RSC Anderlecht,1,1,1,1,1,1
2001,GroupB-prelim,Dinamo Kiev,Boavista,1,0,1,0,2,3
2001,GroupB-prelim,Liverpool,Borussia Dortmund,2,0,2,0,2,0
2001,GroupD-prelim,Galatasaray,PSV Eindhoven,2,0,2,0,3,3
2001,GroupD-prelim,Nantes,Lazio,1,0,1,0,4,1
2001,GroupA-prelim,Lokomotiv Moskva,Real Madrid,2,0,2,0,2,4
2001,GroupC-prelim,RCD Mallorca,Panathinaikos,1,0,1,0,1,2
2001,GroupF-prelim,Barcelona,Fenerbahce,1,0,1,0,4,0
2001,GroupF-prelim,Bayer Leverkusen,Olympique Lyon,2,4,2,4,3,4
2001,GroupH-prelim,Sparta Praha,Bayern Munich,0,1,0,1,0,1
2001,GroupE-prelim,Celtic,Juventus,4,3,4,3,6,6
2001,GroupG-prelim,Olympiacos,Deportivo La Coruna,1,1,1,1,3,3
2001,GroupE-prelim,FC Porto,Rosenborg BK,1,0,1,0,3,1
2001,GroupH-prelim,Feyenoord,Spartak Moskva,2,1,2,1,4,3
2001,GroupG-prelim,Lille OSC,Manchester United,1,1,1,1,1,2
2001,GroupB-inter,Galatasaray,AS Roma,1,1,1,1,2,2
2001,GroupB-inter,Liverpool,Barcelona,1,3,1,3,1,3
2001,GroupA-inter,Bayern Munich,Manchester United,1,1,1,1,1,1
2001,GroupA-inter,Boavista,Nantes,1,0,1,0,2,1
2001,GroupD-inter,Deportivo La Coruna,Arsenal,2,0,2,0,4,0
2001,GroupC-inter,Panathinaikos,FC Porto,0,0,0,0,1,2
2001,GroupC-inter,Sparta Praha,Real Madrid,2,3,2,3,2,6
2001,GroupD-inter,Juventus,Bayer Leverkusen,4,0,4,0,5,3
2001,GroupD-inter,Arsenal,Juventus,3,1,3,1,3,2
2001,GroupD-inter,Bayer Leverkusen,Deportivo La Coruna,3,0,3,0,6,1
2001,GroupC-inter,FC Porto,Sparta Praha,0,1,0,1,0,3
2001,GroupC-inter,Real Madrid,Panathinaikos,3,0,3,0,5,2
2001,GroupB-inter,AS Roma,Liverpool,0,0,0,0,0,2
2001,GroupB-inter,Barcelona,Galatasaray,2,2,2,2,3,2
2001,GroupA-inter,Nantes,Bayern Munich,0,1,0,1,1,3
2001,GroupA-inter,Manchester United,Boavista,3,0,3,0,6,0
2001,GroupD-inter,Bayer Leverkusen,Arsenal,1,1,1,1,2,5
2001,GroupD-inter,Juventus,Deportivo La Coruna,0,0,0,0,0,2
2001,GroupC-inter,Real Madrid,FC Porto,1,0,1,0,3,1
2001,GroupC-inter,Sparta Praha,Panathinaikos,0,2,0,2,1,4
2001,GroupB-inter,Barcelona,AS Roma,1,1,1,1,1,4
2001,GroupA-inter,Boavista,Bayern Munich,0,0,0,0,0,1
2001,GroupB-inter,Liverpool,Galatasaray,0,0,0,0,1,1
2001,GroupA-inter,Nantes,Manchester United,1,1,1,1,2,6
2001,GroupB-inter,AS Roma,Barcelona,3,0,3,0,4,1
2001,GroupA-inter,Bayern Munich,Boavista,1,0,1,0,1,0
2001,GroupB-inter,Galatasaray,Liverpool,1,1,1,1,1,1
2001,GroupA-inter,Manchester United,Nantes,5,1,5,1,6,2
2001,GroupD-inter,Arsenal,Bayer Leverkusen,4,1,4,1,5,2
2001,GroupD-inter,Deportivo La Coruna,Juventus,2,0,2,0,2,0
2001,GroupC-inter,FC Porto,Real Madrid,1,2,1,2,1,3
2001,GroupC-inter,Panathinaikos,Sparta Praha,2,1,2,1,4,1
2001,GroupD-inter,Arsenal,Deportivo La Coruna,0,2,0,2,0,4
2001,GroupD-inter,Bayer Leverkusen,Juventus,3,1,3,1,3,5
2001,GroupC-inter,FC Porto,Panathinaikos,2,1,2,1,2,1
2001,GroupC-inter,Real Madrid,Sparta Praha,3,0,3,0,6,2
2001,GroupB-inter,AS Roma,Galatasaray,1,1,1,1,2,2
2001,GroupB-inter,Barcelona,Liverpool,0,0,0,0,3,1
2001,GroupA-inter,Manchester United,Bayern Munich,0,0,0,0,1,1
2001,GroupA-inter,Nantes,Boavista,1,1,1,1,1,2
2001,GroupB-inter,Liverpool,AS Roma,2,0,2,0,2,0
2001,GroupB-inter,Galatasaray,Barcelona,0,1,0,1,2,3
2001,GroupA-inter,Bayern Munich,Nantes,2,1,2,1,3,1
2001,GroupA-inter,Boavista,Manchester United,0,3,0,3,0,6
2001,GroupD-inter,Juventus,Arsenal,1,0,1,0,2,3
2001,GroupD-inter,Deportivo La Coruna,Bayer Leverkusen,1,3,1,3,1,6
2001,GroupC-inter,Sparta Praha,FC Porto,2,0,2,0,3,0
2001,GroupC-inter,Panathinaikos,Real Madrid,2,2,2,2,2,5
2002,GroupC-prelim,KRC Genk,AEK Athens,0,0,0,0,1,1
2002,GroupD-prelim,AFC Ajax,Olympique Lyon,2,1,2,1,4,1
2002,GroupA-prelim,AJ Auxerre,PSV Eindhoven,0,0,0,0,0,3
2002,GroupA-prelim,Arsenal,Borussia Dortmund,2,0,2,0,3,2
2002,GroupC-prelim,AS Roma,Real Madrid,0,3,0,3,1,3
2002,GroupB-prelim,Basel,Spartak Moskva,2,0,2,0,4,0
2002,GroupD-prelim,Rosenborg BK,Internazionale,2,2,2,2,2,5
2002,GroupB-prelim,Valencia CF,Liverpool,2,0,2,0,3,0
2002,GroupG-prelim,AC Milan,RC Lens,2,1,2,1,3,3
2002,GroupH-prelim,Barcelona,Club Brugge,3,2,3,2,4,2
2002,GroupF-prelim,Olympiacos,Bayer Leverkusen,6,2,6,2,6,4
2002,GroupG-prelim,Bayern Munich,Deportivo La Coruna,2,3,2,3,3,5
2002,GroupE-prelim,Dinamo Kiev,Newcastle United,2,0,2,0,3,2
2002,GroupE-prelim,Feyenoord,Juventus,1,1,1,1,1,3
2002,GroupH-prelim,Lokomotiv Moskva,Galatasaray,0,2,0,2,2,3
2002,GroupF-prelim,Manchester United,Maccabi Haifa,5,2,5,2,5,5
2002,GroupG-prelim,Deportivo La Coruna,AC Milan,0,4,0,4,2,5
2002,GroupH-prelim,Galatasaray,Barcelona,0,2,0,2,1,5
2002,GroupF-prelim,Bayer Leverkusen,Manchester United,1,2,1,2,1,4
2002,GroupG-prelim,RC Lens,Bayern Munich,1,1,1,1,4,4
2002,GroupH-prelim,Club Brugge,Lokomotiv Moskva,0,0,0,0,0,2
2002,GroupE-prelim,Juventus,Dinamo Kiev,5,0,5,0,7,1
2002,GroupE-prelim,Newcastle United,Feyenoord,0,1,0,1,3,3
2002,GroupF-prelim,Maccabi Haifa,Olympiacos,3,0,3,0,6,3
2002,GroupC-prelim,AEK Athens,AS Roma,0,0,0,0,1,1
2002,GroupD-prelim,Internazionale,AFC Ajax,1,0,1,0,3,1
2002,GroupA-prelim,Borussia Dortmund,AJ Auxerre,2,1,2,1,2,2
2002,GroupA-prelim,PSV Eindhoven,Arsenal,0,4,0,4,0,4
2002,GroupB-prelim,Liverpool,Basel,1,1,1,1,4,4
2002,GroupC-prelim,Real Madrid,KRC Genk,6,0,6,0,7,1
2002,GroupD-prelim,Olympique Lyon,Rosenborg BK,5,0,5,0,6,1
2002,GroupB-prelim,Spartak Moskva,Valencia CF,0,3,0,3,0,6
2002,GroupG-prelim,Bayern Munich,AC Milan,1,2,1,2,2,4
2002,GroupH-prelim,Lokomotiv Moskva,Barcelona,1,3,1,3,1,4
2002,GroupF-prelim,Maccabi Haifa,Bayer Leverkusen,0,2,0,2,1,4
2002,GroupH-prelim,Galatasaray,Club Brugge,0,0,0,0,1,3
2002,GroupG-prelim,Deportivo La Coruna,RC Lens,3,1,3,1,4,4
2002,GroupE-prelim,Feyenoord,Dinamo Kiev,0,0,0,0,0,2
2002,GroupE-prelim,Juventus,Newcastle United,2,0,2,0,2,1
2002,GroupF-prelim,Manchester United,Olympiacos,4,0,4,0,7,2
2002,GroupC-prelim,AEK Athens,Real Madrid,3,3,3,3,5,5
2002,GroupD-prelim,Rosenborg BK,AFC Ajax,0,0,0,0,1,1
2002,GroupA-prelim,AJ Auxerre,Arsenal,0,1,0,1,2,2
2002,GroupC-prelim,KRC Genk,AS Roma,0,1,0,1,0,1
2002,GroupB-prelim,Valencia CF,Basel,6,2,6,2,8,4
2002,GroupA-prelim,PSV Eindhoven,Borussia Dortmund,1,3,1,3,2,4
2002,GroupD-prelim,Internazionale,Olympique Lyon,1,2,1,2,4,5
2002,GroupB-prelim,Liverpool,Spartak Moskva,5,0,5,0,8,1
2002,GroupC-prelim,Real Madrid,AEK Athens,2,2,2,2,5,5
2002,GroupD-prelim,AFC Ajax,Rosenborg BK,1,1,1,1,1,1
2002,GroupA-prelim,Arsenal,AJ Auxerre,1,2,1,2,2,2
2002,GroupC-prelim,AS Roma,KRC Genk,0,0,0,0,1,0
2002,GroupB-prelim,Basel,Valencia CF,2,2,2,2,4,8
2002,GroupA-prelim,Borussia Dortmund,PSV Eindhoven,1,1,1,1,4,2
2002,GroupD-prelim,Olympique Lyon,Internazionale,3,3,3,3,5,4
2002,GroupB-prelim,Spartak Moskva,Liverpool,1,3,1,3,1,8
2002,GroupG-prelim,AC Milan,Bayern Munich,2,1,2,1,4,2
2002,GroupH-prelim,Barcelona,Lokomotiv Moskva,1,0,1,0,4,1
2002,GroupF-prelim,Bayer Leverkusen,Maccabi Haifa,2,1,2,1,4,1
2002,GroupH-prelim,Club Brugge,Galatasaray,3,1,3,1,3,1
2002,GroupG-prelim,RC Lens,Deportivo La Coruna,3,1,3,1,4,4
2002,GroupE-prelim,Dinamo Kiev,Feyenoord,2,0,2,0,2,0
2002,GroupE-prelim,Newcastle United,Juventus,1,0,1,0,1,2
2002,GroupF-prelim,Olympiacos,Manchester United,2,3,2,3,2,7
2002,GroupG-prelim,RC Lens,AC Milan,2,1,2,1,3,3
2002,GroupH-prelim,Club Brugge,Barcelona,0,1,0,1,2,4
2002,GroupF-prelim,Bayer Leverkusen,Olympiacos,2,0,2,0,4,6
2002,GroupG-prelim,Deportivo La Coruna,Bayern Munich,2,1,2,1,5,3
2002,GroupE-prelim,Newcastle United,Dinamo Kiev,2,1,2,1,2,3
2002,GroupE-prelim,Juventus,Feyenoord,2,0,2,0,3,1
2002,GroupH-prelim,Galatasaray,Lokomotiv Moskva,1,2,1,2,3,2
2002,GroupF-prelim,Maccabi Haifa,Manchester United,3,0,3,0,5,5
2002,GroupC-prelim,AEK Athens,KRC Genk,1,1,1,1,1,1
2002,GroupD-prelim,Olympique Lyon,AFC Ajax,0,2,0,2,1,4
2002,GroupA-prelim,PSV Eindhoven,AJ Auxerre,3,0,3,0,3,0
2002,GroupA-prelim,Borussia Dortmund,Arsenal,2,1,2,1,2,3
2002,GroupC-prelim,Real Madrid,AS Roma,0,1,0,1,3,1
2002,GroupD-prelim,Internazionale,Rosenborg BK,3,0,3,0,5,2
2002,GroupB-prelim,Liverpool,Valencia CF,0,1,0,1,0,3
2002,GroupB-prelim,Spartak Moskva,Basel,0,2,0,2,0,4
2002,GroupC-prelim,AS Roma,AEK Athens,1,1,1,1,1,1
2002,GroupD-prelim,AFC Ajax,Internazionale,1,2,1,2,1,3
2002,GroupA-prelim,AJ Auxerre,Borussia Dortmund,1,0,1,0,2,2
2002,GroupA-prelim,Arsenal,PSV Eindhoven,0,0,0,0,4,0
2002,GroupB-prelim,Basel,Liverpool,3,3,3,3,4,4
2002,GroupC-prelim,KRC Genk,Real Madrid,1,1,1,1,1,7
2002,GroupD-prelim,Rosenborg BK,Olympique Lyon,1,1,1,1,1,6
2002,GroupB-prelim,Valencia CF,Spartak Moskva,3,0,3,0,6,0
2002,GroupG-prelim,AC Milan,Deportivo La Coruna,1,2,1,2,5,2
2002,GroupH-prelim,Barcelona,Galatasaray,3,1,3,1,5,1
2002,GroupF-prelim,Manchester United,Bayer Leverkusen,2,0,2,0,4,1
2002,GroupG-prelim,Bayern Munich,RC Lens,3,3,3,3,4,4
2002,GroupH-prelim,Lokomotiv Moskva,Club Brugge,2,0,2,0,2,0
2002,GroupE-prelim,Dinamo Kiev,Juventus,1,2,1,2,1,7
2002,GroupE-prelim,Feyenoord,Newcastle United,2,3,2,3,3,3
2002,GroupF-prelim,Olympiacos,Maccabi Haifa,3,3,3,3,3,6
2002,GroupC-inter,AC Milan,Real Madrid,1,0,1,0,2,3
2002,GroupD-inter,Basel,Manchester United,1,3,1,3,2,4
2002,GroupC-inter,Lokomotiv Moskva,Borussia Dortmund,1,2,1,2,1,5
2002,GroupD-inter,Deportivo La Coruna,Juventus,2,2,2,2,4,5
2002,GroupB-inter,Valencia CF,AFC Ajax,1,1,1,1,2,2
2002,GroupB-inter,AS Roma,Arsenal,1,3,1,3,2,4
2002,GroupA-inter,Bayer Leverkusen,Barcelona,1,2,1,2,1,4
2002,GroupA-inter,Newcastle United,Internazionale,1,4,1,4,3,6
2002,GroupB-inter,AFC Ajax,AS Roma,2,1,2,1,3,2
2002,GroupB-inter,Arsenal,Valencia CF,0,0,0,0,1,2
2002,GroupA-inter,Internazionale,Bayer Leverkusen,3,2,3,2,5,2
2002,GroupC-inter,Borussia Dortmund,AC Milan,0,1,0,1,1,1
2002,GroupA-inter,Barcelona,Newcastle United,3,1,3,1,5,1
2002,GroupD-inter,Juventus,Basel,4,0,4,0,5,2
2002,GroupD-inter,Manchester United,Deportivo La Coruna,2,0,2,0,2,2
2002,GroupC-inter,Real Madrid,Lokomotiv Moskva,2,2,2,2,3,2
2002,GroupB-inter,Arsenal,AFC Ajax,1,1,1,1,1,1
2002,GroupB-inter,AS Roma,Valencia CF,0,1,0,1,3,1
2002,GroupA-inter,Barcelona,Internazionale,3,0,3,0,3,0
2002,GroupA-inter,Bayer Leverkusen,Newcastle United,1,3,1,3,2,6
2002,GroupC-inter,AC Milan,Lokomotiv Moskva,1,0,1,0,2,0
2002,GroupD-inter,Basel,Deportivo La Coruna,1,0,1,0,1,1
2002,GroupC-inter,Real Madrid,Borussia Dortmund,2,1,2,1,3,2
2002,GroupD-inter,Manchester United,Juventus,2,1,2,1,5,1
2002,GroupC-inter,Lokomotiv Moskva,AC Milan,0,1,0,1,0,2
2002,GroupD-inter,Deportivo La Coruna,Basel,1,0,1,0,1,1
2002,GroupC-inter,Borussia Dortmund,Real Madrid,1,1,1,1,2,3
2002,GroupD-inter,Juventus,Manchester United,0,3,0,3,1,5
2002,GroupB-inter,AFC Ajax,Arsenal,0,0,0,0,1,1
2002,GroupB-inter,Valencia CF,AS Roma,0,3,0,3,1,3
2002,GroupA-inter,Internazionale,Barcelona,0,0,0,0,0,3
2002,GroupA-inter,Newcastle United,Bayer Leverkusen,3,1,3,1,6,2
2002,GroupB-inter,AFC Ajax,Valencia CF,1,1,1,1,2,2
2002,GroupB-inter,Arsenal,AS Roma,1,1,1,1,4,2
2002,GroupA-inter,Barcelona,Bayer Leverkusen,2,0,2,0,4,1
2002,GroupA-inter,Internazionale,Newcastle United,2,2,2,2,6,3
2002,GroupC-inter,Real Madrid,AC Milan,3,1,3,1,3,2
2002,GroupD-inter,Manchester United,Basel,1,1,1,1,4,2
2002,GroupC-inter,Borussia Dortmund,Lokomotiv Moskva,3,0,3,0,5,1
2002,GroupD-inter,Juventus,Deportivo La Coruna,3,2,3,2,5,4
2002,GroupC-inter,AC Milan,Borussia Dortmund,0,1,0,1,1,1
2002,GroupD-inter,Basel,Juventus,2,1,2,1,2,5
2002,GroupD-inter,Deportivo La Coruna,Manchester United,2,0,2,0,2,2
2002,GroupC-inter,Lokomotiv Moskva,Real Madrid,0,1,0,1,2,3
2002,GroupB-inter,AS Roma,AFC Ajax,1,1,1,1,2,3
2002,GroupB-inter,Valencia CF,Arsenal,2,1,2,1,2,1
2002,GroupA-inter,Newcastle United,Barcelona,0,2,0,2,1,5
2002,GroupA-inter,Bayer Leverkusen,Internazionale,0,2,0,2,2,5
2003,GroupH,AC Milan,AFC Ajax,1,0,1,0,2,0
2003,GroupG,Besiktas,Lazio,0,2,0,2,1,3
2003,GroupH,Club Brugge,Celta Vigo,1,1,1,1,2,2
2003,GroupG,Sparta Praha,Chelsea,0,1,0,1,0,1
2003,GroupE,Manchester United,Panathinaikos,5,0,5,0,6,0
2003,GroupF,Real Madrid,Olympique Marseille,4,2,4,2,6,3
2003,GroupE,Rangers,VfB Stuttgart,2,1,2,1,2,2
2003,GroupF,Partizan Belgrade,FC Porto,1,1,1,1,2,3
2003,GroupC,AEK Athens,Deportivo La Coruna,1,1,1,1,1,4
2003,GroupB,Arsenal,Internazionale,0,3,0,3,5,4
2003,GroupC,PSV Eindhoven,AS Monaco,1,2,1,2,2,3
2003,GroupA,Bayern Munich,Celtic,2,1,2,1,2,1
2003,GroupB,Dinamo Kiev,Lokomotiv Moskva,2,0,2,0,4,3
2003,GroupD,Juventus,Galatasaray,2,1,2,1,2,3
2003,GroupD,Real Sociedad,Olympiacos,1,0,1,0,3,2
2003,GroupA,Olympique Lyon,RSC Anderlecht,1,0,1,0,1,1
2003,GroupC,AS Monaco,AEK Athens,4,0,4,0,4,0
2003,GroupB,Lokomotiv Moskva,Arsenal,0,0,0,0,0,2
2003,GroupA,RSC Anderlecht,Bayern Munich,1,1,1,1,1,2
2003,GroupA,Celtic,Olympique Lyon,2,0,2,0,4,3
2003,GroupC,Deportivo La Coruna,PSV Eindhoven,2,0,2,0,4,3
2003,GroupB,Internazionale,Dinamo Kiev,2,1,2,1,3,2
2003,GroupD,Galatasaray,Real Sociedad,1,2,1,2,2,3
2003,GroupD,Olympiacos,Juventus,1,2,1,2,1,9
2003,GroupH,Celta Vigo,AC Milan,0,0,0,0,2,1
2003,GroupH,AFC Ajax,Club Brugge,2,0,2,0,3,2
2003,GroupG,Chelsea,Besiktas,0,2,0,2,2,2
2003,GroupF,FC Porto,Real Madrid,1,3,1,3,2,4
2003,GroupG,Lazio,Sparta Praha,2,2,2,2,2,3
2003,GroupE,VfB Stuttgart,Manchester United,2,1,2,1,2,3
2003,GroupE,Panathinaikos,Rangers,1,1,1,1,4,2
2003,GroupF,Olympique Marseille,Partizan Belgrade,3,0,3,0,4,1
2003,GroupC,AEK Athens,PSV Eindhoven,0,1,0,1,0,3
2003,GroupB,Dinamo Kiev,Arsenal,2,1,2,1,2,2
2003,GroupC,Deportivo La Coruna,AS Monaco,1,0,1,0,4,8
2003,GroupA,Olympique Lyon,Bayern Munich,1,1,1,1,3,2
2003,GroupA,RSC Anderlecht,Celtic,1,0,1,0,2,3
2003,GroupD,Galatasaray,Olympiacos,1,0,1,0,1,3
2003,GroupB,Lokomotiv Moskva,Internazionale,3,0,3,0,4,1
2003,GroupD,Juventus,Real Sociedad,4,2,4,2,4,2
2003,GroupH,AC Milan,Club Brugge,0,1,0,1,1,1
2003,GroupH,AFC Ajax,Celta Vigo,1,0,1,0,3,3
2003,GroupG,Sparta Praha,Besiktas,2,1,2,1,2,2
2003,GroupG,Chelsea,Lazio,2,1,2,1,6,1
2003,GroupF,Olympique Marseille,FC Porto,2,3,2,3,2,4
2003,GroupE,Rangers,Manchester United,0,1,0,1,0,4
2003,GroupE,VfB Stuttgart,Panathinaikos,2,0,2,0,5,1
2003,GroupF,Real Madrid,Partizan Belgrade,1,0,1,0,1,0
2003,GroupH,Club Brugge,AC Milan,0,1,0,1,1,1
2003,GroupH,Celta Vigo,AFC Ajax,3,2,3,2,3,3
2003,GroupG,Besiktas,Sparta Praha,1,0,1,0,2,2
2003,GroupG,Lazio,Chelsea,0,4,0,4,1,6
2003,GroupF,FC Porto,Olympique Marseille,1,0,1,0,4,2
2003,GroupE,Manchester United,Rangers,3,0,3,0,4,0
2003,GroupE,Panathinaikos,VfB Stuttgart,1,3,1,3,1,5
2003,GroupF,Partizan Belgrade,Real Madrid,0,0,0,0,0,1
2003,GroupC,PSV Eindhoven,AEK Athens,2,0,2,0,3,0
2003,GroupB,Arsenal,Dinamo Kiev,1,0,1,0,2,2
2003,GroupC,AS Monaco,Deportivo La Coruna,8,3,8,3,8,4
2003,GroupA,Bayern Munich,Olympique Lyon,1,2,1,2,2,3
2003,GroupA,Celtic,RSC Anderlecht,3,1,3,1,3,2
2003,GroupD,Olympiacos,Galatasaray,3,0,3,0,3,1
2003,GroupB,Internazionale,Lokomotiv Moskva,1,1,1,1,1,4
2003,GroupD,Real Sociedad,Juventus,0,0,0,0,2,4
2003,GroupC,Deportivo La Coruna,AEK Athens,3,0,3,0,4,1
2003,GroupB,Internazionale,Arsenal,1,5,1,5,4,5
2003,GroupC,AS Monaco,PSV Eindhoven,1,1,1,1,3,2
2003,GroupA,Celtic,Bayern Munich,0,0,0,0,1,2
2003,GroupB,Lokomotiv Moskva,Dinamo Kiev,3,2,3,2,3,4
2003,GroupD,Olympiacos,Real Sociedad,2,2,2,2,2,3
2003,GroupA,RSC Anderlecht,Olympique Lyon,1,0,1,0,1,1
2003,GroupH,AFC Ajax,AC Milan,0,1,0,1,0,2
2003,GroupG,Lazio,Besiktas,1,1,1,1,3,1
2003,GroupH,Celta Vigo,Club Brugge,1,1,1,1,2,2
2003,GroupG,Chelsea,Sparta Praha,0,0,0,0,1,0
2003,GroupE,Panathinaikos,Manchester United,0,1,0,1,0,6
2003,GroupF,Olympique Marseille,Real Madrid,1,2,1,2,3,6
2003,GroupE,VfB Stuttgart,Rangers,1,0,1,0,2,2
2003,GroupF,FC Porto,Partizan Belgrade,2,1,2,1,3,2
2003,GroupD,Galatasaray,Juventus,2,0,2,0,3,2
2003,GroupH,AC Milan,Celta Vigo,1,2,1,2,1,2
2003,GroupH,Club Brugge,AFC Ajax,2,1,2,1,2,3
2003,GroupG,Besiktas,Chelsea,0,2,0,2,2,2
2003,GroupF,Real Madrid,FC Porto,1,1,1,1,4,2
2003,GroupG,Sparta Praha,Lazio,1,0,1,0,3,2
2003,GroupE,Manchester United,VfB Stuttgart,2,0,2,0,3,2
2003,GroupE,Rangers,Panathinaikos,1,3,1,3,2,4
2003,GroupF,Partizan Belgrade,Olympique Marseille,1,1,1,1,1,4
2003,GroupC,AEK Athens,AS Monaco,0,0,0,0,0,4
2003,GroupB,Arsenal,Lokomotiv Moskva,2,0,2,0,2,0
2003,GroupA,Bayern Munich,RSC Anderlecht,1,0,1,0,2,1
2003,GroupA,Olympique Lyon,Celtic,3,2,3,2,3,4
2003,GroupC,PSV Eindhoven,Deportivo La Coruna,3,2,3,2,3,4
2003,GroupB,Dinamo Kiev,Internazionale,1,1,1,1,2,3
2003,GroupD,Real Sociedad,Galatasaray,1,1,1,1,3,2
2003,GroupD,Juventus,Olympiacos,7,0,7,0,9,1
2004,GroupF,Shakhtar Donetsk,AC Milan,0,1,0,1,0,5
2004,GroupE,Arsenal,PSV Eindhoven,1,0,1,0,2,1
2004,GroupF,Celtic,Barcelona,1,3,1,3,2,4
2004,GroupH,Paris Saint-Germain,Chelsea,0,3,0,3,0,3
2004,GroupH,FC Porto,CSKA Moskva,0,0,0,0,1,0
2004,GroupG,Internazionale,Werder Bremen,2,0,2,0,3,1
2004,GroupE,Panathinaikos,Rosenborg BK,2,1,2,1,4,3
2004,GroupG,Valencia CF,RSC Anderlecht,2,0,2,0,4,1
2004,GroupC,AFC Ajax,Juventus,0,1,0,1,0,2
2004,GroupA,Liverpool,AS Monaco,2,0,2,0,2,1
2004,GroupB,AS Roma,Dinamo Kiev,0,3,0,3,0,5
2004,GroupB,Bayer Leverkusen,Real Madrid,3,0,3,0,4,1
2004,GroupC,Maccabi Tel Aviv,Bayern Munich,0,1,0,1,1,6
2004,GroupA,Deportivo La Coruna,Olympiacos,0,0,0,0,0,1
2004,GroupD,Fenerbahce,Sparta Praha,1,0,1,0,2,0
2004,GroupD,Olympique Lyon,Manchester United,2,2,2,2,3,4
2004,GroupC,Bayern Munich,AFC Ajax,4,0,4,0,6,2
2004,GroupA,AS Monaco,Deportivo La Coruna,2,0,2,0,7,0
2004,GroupB,Real Madrid,AS Roma,4,2,4,2,7,2
2004,GroupB,Dinamo Kiev,Bayer Leverkusen,4,2,4,2,4,5
2004,GroupD,Manchester United,Fenerbahce,6,2,6,2,6,5
2004,GroupC,Juventus,Maccabi Tel Aviv,1,0,1,0,2,1
2004,GroupA,Olympiacos,Liverpool,1,0,1,0,2,3
2004,GroupD,Sparta Praha,Olympique Lyon,1,2,1,2,1,7
2004,GroupF,AC Milan,Celtic,3,1,3,1,3,1
2004,GroupE,Rosenborg BK,Arsenal,1,1,1,1,2,6
2004,GroupF,Barcelona,Shakhtar Donetsk,3,0,3,0,3,2
2004,GroupH,Chelsea,FC Porto,3,1,3,1,4,3
2004,GroupH,CSKA Moskva,Paris Saint-Germain,2,0,2,0,5,1
2004,GroupG,RSC Anderlecht,Internazionale,1,3,1,3,1,6
2004,GroupE,PSV Eindhoven,Panathinaikos,1,0,1,0,2,4
2004,GroupG,Werder Bremen,Valencia CF,2,1,2,1,4,1
2004,GroupC,AFC Ajax,Maccabi Tel Aviv,3,0,3,0,4,2
2004,GroupA,AS Monaco,Olympiacos,2,1,2,1,2,2
2004,GroupB,Bayer Leverkusen,AS Roma,3,1,3,1,4,2
2004,GroupC,Juventus,Bayern Munich,1,0,1,0,2,0
2004,GroupA,Liverpool,Deportivo La Coruna,0,0,0,0,1,0
2004,GroupB,Real Madrid,Dinamo Kiev,1,0,1,0,3,2
2004,GroupD,Fenerbahce,Olympique Lyon,1,3,1,3,3,7
2004,GroupD,Sparta Praha,Manchester United,0,0,0,0,1,4
2004,GroupF,AC Milan,Barcelona,1,0,1,0,2,2
2004,GroupE,Panathinaikos,Arsenal,2,2,2,2,3,3
2004,GroupF,Shakhtar Donetsk,Celtic,3,0,3,0,3,1
2004,GroupH,Chelsea,CSKA Moskva,2,0,2,0,3,0
2004,GroupH,Paris Saint-Germain,FC Porto,2,0,2,0,2,0
2004,GroupG,Valencia CF,Internazionale,1,5,1,5,1,5
2004,GroupE,Rosenborg BK,PSV Eindhoven,1,2,1,2,1,3
2004,GroupG,RSC Anderlecht,Werder Bremen,1,2,1,2,2,7
2004,GroupF,Barcelona,AC Milan,2,1,2,1,2,2
2004,GroupE,Arsenal,Panathinaikos,1,1,1,1,3,3
2004,GroupF,Celtic,Shakhtar Donetsk,1,0,1,0,1,3
2004,GroupH,CSKA Moskva,Chelsea,0,1,0,1,0,3
2004,GroupH,FC Porto,Paris Saint-Germain,0,0,0,0,0,2
2004,GroupG,Internazionale,Valencia CF,0,0,0,0,5,1
2004,GroupE,PSV Eindhoven,Rosenborg BK,1,0,1,0,3,1
2004,GroupG,Werder Bremen,RSC Anderlecht,5,1,5,1,7,2
2004,GroupC,Maccabi Tel Aviv,AFC Ajax,2,1,2,1,2,4
2004,GroupA,Olympiacos,AS Monaco,1,0,1,0,2,2
2004,GroupB,AS Roma,Bayer Leverkusen,1,1,1,1,2,4
2004,GroupC,Bayern Munich,Juventus,0,1,0,1,0,2
2004,GroupA,Deportivo La Coruna,Liverpool,0,1,0,1,0,1
2004,GroupB,Dinamo Kiev,Real Madrid,2,2,2,2,2,3
2004,GroupD,Olympique Lyon,Fenerbahce,4,2,4,2,7,3
2004,GroupD,Manchester United,Sparta Praha,4,1,4,1,4,1
2004,GroupC,Juventus,AFC Ajax,1,0,1,0,2,0
2004,GroupA,AS Monaco,Liverpool,1,0,1,0,1,2
2004,GroupB,Dinamo Kiev,AS Roma,2,0,2,0,5,0
2004,GroupB,Real Madrid,Bayer Leverkusen,1,1,1,1,1,4
2004,GroupC,Bayern Munich,Maccabi Tel Aviv,5,1,5,1,6,1
2004,GroupA,Olympiacos,Deportivo La Coruna,1,0,1,0,1,0
2004,GroupD,Sparta Praha,Fenerbahce,0,1,0,1,0,2
2004,GroupD,Manchester United,Olympique Lyon,2,1,2,1,4,3
2004,GroupF,AC Milan,Shakhtar Donetsk,4,0,4,0,5,0
2004,GroupE,PSV Eindhoven,Arsenal,1,1,1,1,1,2
2004,GroupF,Barcelona,Celtic,1,1,1,1,4,2
2004,GroupH,Chelsea,Paris Saint-Germain,0,0,0,0,3,0
2004,GroupH,CSKA Moskva,FC Porto,0,1,0,1,0,1
2004,GroupG,Werder Bremen,Internazionale,1,1,1,1,1,3
2004,GroupE,Rosenborg BK,Panathinaikos,2,2,2,2,3,4
2004,GroupG,RSC Anderlecht,Valencia CF,1,2,1,2,1,4
2004,GroupF,Celtic,AC Milan,0,0,0,0,1,3
2004,GroupE,Arsenal,Rosenborg BK,5,1,5,1,6,2
2004,GroupF,Shakhtar Donetsk,Barcelona,2,0,2,0,2,3
2004,GroupH,FC Porto,Chelsea,2,1,2,1,3,4
2004,GroupH,Paris Saint-Germain,CSKA Moskva,1,3,1,3,1,5
2004,GroupG,Internazionale,RSC Anderlecht,3,0,3,0,6,1
2004,GroupE,Panathinaikos,PSV Eindhoven,4,1,4,1,4,2
2004,GroupG,Valencia CF,Werder Bremen,0,2,0,2,1,4
2004,GroupC,AFC Ajax,Bayern Munich,2,2,2,2,2,6
2004,GroupA,Deportivo La Coruna,AS Monaco,0,5,0,5,0,7
2004,GroupB,AS Roma,Real Madrid,0,3,0,3,2,7
2004,GroupB,Bayer Leverkusen,Dinamo Kiev,3,0,3,0,5,4
2004,GroupD,Fenerbahce,Manchester United,3,0,3,0,5,6
2004,GroupC,Maccabi Tel Aviv,Juventus,1,1,1,1,1,2
2004,GroupA,Liverpool,Olympiacos,3,1,3,1,3,2
2004,GroupD,Olympique Lyon,Sparta Praha,5,0,5,0,7,1
2005,GroupE,AC Milan,Fenerbahce,3,1,3,1,7,1
2005,GroupG,Chelsea,RSC Anderlecht,1,0,1,0,3,0
2005,GroupH,Rangers,FC Porto,3,2,3,2,4,3
2005,GroupH,Petrzalka Akademia,Internazionale,0,1,0,1,0,5
2005,GroupG,Real Betis,Liverpool,1,2,1,2,1,2
2005,GroupF,Olympiacos,Rosenborg BK,1,3,1,3,2,4
2005,GroupF,Olympique Lyon,Real Madrid,3,0,3,0,4,1
2005,GroupE,PSV Eindhoven,Schalke 04,1,0,1,0,1,3
2005,GroupB,Sparta Praha,AFC Ajax,1,1,1,1,2,3
2005,GroupB,Arsenal,Thun,2,1,2,1,3,1
2005,GroupC,Werder Bremen,Barcelona,0,2,0,2,1,5
2005,GroupA,Rapid Wien,Bayern Munich,0,1,0,1,0,5
2005,GroupA,Club Brugge,Juventus,1,2,1,2,1,3
2005,GroupD,SL Benfica,Lille OSC,1,0,1,0,1,0
2005,GroupD,Villarreal,Manchester United,0,0,0,0,0,0
2005,GroupC,Udinese,Panathinaikos,3,0,3,0,5,1
2005,GroupB,AFC Ajax,Arsenal,1,2,1,2,1,2
2005,GroupC,Barcelona,Udinese,4,1,4,1,6,1
2005,GroupA,Bayern Munich,Club Brugge,1,0,1,0,2,1
2005,GroupA,Juventus,Rapid Wien,3,0,3,0,6,1
2005,GroupD,Lille OSC,Villarreal,0,0,0,0,0,1
2005,GroupD,Manchester United,SL Benfica,2,1,2,1,3,3
2005,GroupC,Panathinaikos,Werder Bremen,2,1,2,1,3,6
2005,GroupB,Thun,Sparta Praha,1,0,1,0,1,0
2005,GroupE,Schalke 04,AC Milan,2,2,2,2,4,5
2005,GroupG,Liverpool,Chelsea,0,0,0,0,0,0
2005,GroupH,FC Porto,Petrzalka Akademia,2,3,2,3,2,3
2005,GroupE,Fenerbahce,PSV Eindhoven,3,0,3,0,3,2
2005,GroupH,Internazionale,Rangers,1,0,1,0,2,1
2005,GroupF,Real Madrid,Olympiacos,2,1,2,1,3,3
2005,GroupF,Rosenborg BK,Olympique Lyon,0,1,0,1,1,3
2005,GroupG,RSC Anderlecht,Real Betis,0,1,0,1,1,1
2005,GroupB,AFC Ajax,Thun,2,0,2,0,6,2
2005,GroupB,Sparta Praha,Arsenal,0,2,0,2,0,5
2005,GroupC,Panathinaikos,Barcelona,0,0,0,0,0,5
2005,GroupA,Bayern Munich,Juventus,2,1,2,1,3,3
2005,GroupA,Rapid Wien,Club Brugge,0,1,0,1,2,4
2005,GroupD,Manchester United,Lille OSC,0,0,0,0,0,1
2005,GroupD,Villarreal,SL Benfica,1,1,1,1,2,1
2005,GroupC,Udinese,Werder Bremen,1,1,1,1,4,5
2005,GroupE,AC Milan,PSV Eindhoven,0,0,0,0,0,1
2005,GroupG,Chelsea,Real Betis,4,0,4,0,4,1
2005,GroupH,FC Porto,Internazionale,2,0,2,0,3,2
2005,GroupE,Fenerbahce,Schalke 04,3,3,3,3,3,5
2005,GroupG,RSC Anderlecht,Liverpool,0,1,0,1,0,4
2005,GroupF,Olympique Lyon,Olympiacos,2,1,2,1,6,2
2005,GroupH,Rangers,Petrzalka Akademia,0,0,0,0,2,2
2005,GroupF,Real Madrid,Rosenborg BK,4,1,4,1,6,1
2005,GroupE,PSV Eindhoven,AC Milan,1,0,1,0,1,0
2005,GroupG,Real Betis,Chelsea,1,0,1,0,1,4
2005,GroupH,Internazionale,FC Porto,2,1,2,1,2,3
2005,GroupE,Schalke 04,Fenerbahce,2,0,2,0,5,3
2005,GroupG,Liverpool,RSC Anderlecht,3,0,3,0,4,0
2005,GroupF,Olympiacos,Olympique Lyon,1,4,1,4,2,6
2005,GroupH,Petrzalka Akademia,Rangers,2,2,2,2,2,2
2005,GroupF,Rosenborg BK,Real Madrid,0,2,0,2,1,6
2005,GroupB,Thun,AFC Ajax,2,4,2,4,2,6
2005,GroupB,Arsenal,Sparta Praha,3,0,3,0,5,0
2005,GroupC,Barcelona,Panathinaikos,5,0,5,0,5,0
2005,GroupA,Juventus,Bayern Munich,2,1,2,1,3,3
2005,GroupA,Club Brugge,Rapid Wien,3,2,3,2,4,2
2005,GroupD,Lille OSC,Manchester United,1,0,1,0,1,0
2005,GroupD,SL Benfica,Villarreal,0,1,0,1,1,2
2005,GroupC,Werder Bremen,Udinese,4,3,4,3,5,4
2005,GroupB,AFC Ajax,Sparta Praha,2,1,2,1,3,2
2005,GroupB,Thun,Arsenal,0,1,0,1,1,3
2005,GroupC,Barcelona,Werder Bremen,3,1,3,1,5,1
2005,GroupA,Bayern Munich,Rapid Wien,4,0,4,0,5,0
2005,GroupA,Juventus,Club Brugge,1,0,1,0,3,1
2005,GroupD,Lille OSC,SL Benfica,0,0,0,0,0,1
2005,GroupD,Manchester United,Villarreal,0,0,0,0,0,0
2005,GroupC,Panathinaikos,Udinese,1,2,1,2,1,5
2005,GroupE,Fenerbahce,AC Milan,0,4,0,4,1,7
2005,GroupG,RSC Anderlecht,Chelsea,0,2,0,2,0,3
2005,GroupH,FC Porto,Rangers,1,1,1,1,3,4
2005,GroupH,Internazionale,Petrzalka Akademia,4,0,4,0,5,0
2005,GroupG,Liverpool,Real Betis,0,0,0,0,2,1
2005,GroupF,Rosenborg BK,Olympiacos,1,1,1,1,4,2
2005,GroupF,Real Madrid,Olympique Lyon,1,1,1,1,1,4
2005,GroupE,Schalke 04,PSV Eindhoven,3,0,3,0,3,1
2005,GroupE,AC Milan,Schalke 04,3,2,3,2,5,4
2005,GroupG,Chelsea,Liverpool,0,0,0,0,0,0
2005,GroupH,Petrzalka Akademia,FC Porto,0,0,0,0,3,2
2005,GroupE,PSV Eindhoven,Fenerbahce,2,0,2,0,2,3
2005,GroupH,Rangers,Internazionale,1,1,1,1,1,2
2005,GroupF,Olympiacos,Real Madrid,2,1,2,1,3,3
2005,GroupF,Olympique Lyon,Rosenborg BK,2,1,2,1,3,1
2005,GroupG,Real Betis,RSC Anderlecht,0,1,0,1,1,1
2005,GroupB,Arsenal,AFC Ajax,0,0,0,0,2,1
2005,GroupC,Udinese,Barcelona,0,2,0,2,1,6
2005,GroupA,Club Brugge,Bayern Munich,1,1,1,1,1,2
2005,GroupA,Rapid Wien,Juventus,1,3,1,3,1,6
2005,GroupD,Villarreal,Lille OSC,1,0,1,0,1,0
2005,GroupD,SL Benfica,Manchester United,2,1,2,1,3,3
2005,GroupC,Werder Bremen,Panathinaikos,5,1,5,1,6,3
2005,GroupB,Sparta Praha,Thun,0,0,0,0,0,1
2006,GroupC,PSV Eindhoven,Liverpool,0,0,0,0,0,2
2006,GroupD,AS Roma,Shakhtar Donetsk,4,0,4,0,4,1
2006,GroupA,Barcelona,Levski Sofia,5,0,5,0,7,0
2006,GroupB,Bayern Munich,Spartak Moskva,4,0,4,0,6,2
2006,GroupA,Chelsea,Werder Bremen,2,0,2,0,2,1
2006,GroupC,Galatasaray,Girondins Bordeaux,0,0,0,0,1,3
2006,GroupB,Sporting CP,Internazionale,1,0,1,0,1,1
2006,GroupD,Olympiacos,Valencia CF,2,4,2,4,2,6
2006,GroupH,AC Milan,AEK Athens,3,0,3,0,3,1
2006,GroupG,Hamburger SV,Arsenal,1,2,1,2,2,5
2006,GroupF,Manchester United,Celtic,3,2,3,2,3,3
2006,GroupG,FC Porto,CSKA Moskva,0,0,0,0,2,0
2006,GroupE,Dinamo Kiev,Steaua Bucuresti,1,4,1,4,2,5
2006,GroupF,Kobenhavn,SL Benfica,0,0,0,0,1,3
2006,GroupH,RSC Anderlecht,Lille OSC,1,1,1,1,3,3
2006,GroupE,Olympique Lyon,Real Madrid,2,0,2,0,4,2
2006,GroupH,Lille OSC,AC Milan,0,0,0,0,2,0
2006,GroupH,AEK Athens,RSC Anderlecht,1,1,1,1,3,3
2006,GroupG,Arsenal,FC Porto,2,0,2,0,2,0
2006,GroupF,Celtic,Kobenhavn,1,0,1,0,2,3
2006,GroupG,CSKA Moskva,Hamburger SV,1,0,1,0,3,3
2006,GroupE,Real Madrid,Dinamo Kiev,5,1,5,1,7,3
2006,GroupF,SL Benfica,Manchester United,0,1,0,1,1,4
2006,GroupE,Steaua Bucuresti,Olympique Lyon,0,3,0,3,1,4
2006,GroupD,Valencia CF,AS Roma,2,1,2,1,2,2
2006,GroupA,Werder Bremen,Barcelona,1,1,1,1,1,3
2006,GroupB,Internazionale,Bayern Munich,0,2,0,2,1,3
2006,GroupA,Levski Sofia,Chelsea,1,3,1,3,1,5
2006,GroupC,Liverpool,Galatasaray,3,2,3,2,5,5
2006,GroupC,Girondins Bordeaux,PSV Eindhoven,0,1,0,1,3,2
2006,GroupD,Shakhtar Donetsk,Olympiacos,2,2,2,2,3,3
2006,GroupB,Spartak Moskva,Sporting CP,1,1,1,1,4,2
2006,GroupH,RSC Anderlecht,AC Milan,0,1,0,1,1,5
2006,GroupH,Lille OSC,AEK Athens,3,1,3,1,3,2
2006,GroupG,CSKA Moskva,Arsenal,1,0,1,0,1,0
2006,GroupF,Celtic,SL Benfica,3,0,3,0,3,3
2006,GroupE,Dinamo Kiev,Olympique Lyon,0,3,0,3,0,4
2006,GroupG,FC Porto,Hamburger SV,4,1,4,1,7,2
2006,GroupF,Manchester United,Kobenhavn,3,0,3,0,3,1
2006,GroupE,Steaua Bucuresti,Real Madrid,1,4,1,4,1,5
2006,GroupD,Olympiacos,AS Roma,0,1,0,1,1,2
2006,GroupA,Chelsea,Barcelona,1,0,1,0,3,2
2006,GroupB,Sporting CP,Bayern Munich,0,1,0,1,0,1
2006,GroupC,Galatasaray,PSV Eindhoven,1,2,1,2,1,4
2006,GroupC,Girondins Bordeaux,Liverpool,0,1,0,1,0,4
2006,GroupB,Internazionale,Spartak Moskva,2,1,2,1,3,1
2006,GroupA,Werder Bremen,Levski Sofia,2,0,2,0,5,0
2006,GroupD,Valencia CF,Shakhtar Donetsk,2,0,2,0,4,2
2006,GroupD,AS Roma,Olympiacos,1,1,1,1,2,1
2006,GroupA,Barcelona,Chelsea,2,2,2,2,2,3
2006,GroupB,Bayern Munich,Sporting CP,0,0,0,0,1,0
2006,GroupC,PSV Eindhoven,Galatasaray,2,0,2,0,4,1
2006,GroupC,Liverpool,Girondins Bordeaux,3,0,3,0,4,0
2006,GroupB,Spartak Moskva,Internazionale,0,1,0,1,1,3
2006,GroupA,Levski Sofia,Werder Bremen,0,3,0,3,0,5
2006,GroupD,Shakhtar Donetsk,Valencia CF,2,2,2,2,2,4
2006,GroupH,AC Milan,RSC Anderlecht,4,1,4,1,5,1
2006,GroupH,AEK Athens,Lille OSC,1,0,1,0,2,3
2006,GroupG,Arsenal,CSKA Moskva,0,0,0,0,0,1
2006,GroupF,SL Benfica,Celtic,3,0,3,0,3,3
2006,GroupE,Olympique Lyon,Dinamo Kiev,1,0,1,0,4,0
2006,GroupG,Hamburger SV,FC Porto,1,3,1,3,2,7
2006,GroupF,Kobenhavn,Manchester United,1,0,1,0,1,3
2006,GroupE,Real Madrid,Steaua Bucuresti,1,0,1,0,5,1
2006,GroupH,AEK Athens,AC Milan,1,0,1,0,1,3
2006,GroupG,Arsenal,Hamburger SV,3,1,3,1,5,2
2006,GroupF,Celtic,Manchester United,1,0,1,0,3,3
2006,GroupG,CSKA Moskva,FC Porto,0,2,0,2,0,2
2006,GroupE,Steaua Bucuresti,Dinamo Kiev,1,1,1,1,5,2
2006,GroupF,SL Benfica,Kobenhavn,3,1,3,1,3,1
2006,GroupH,Lille OSC,RSC Anderlecht,2,2,2,2,3,3
2006,GroupE,Real Madrid,Olympique Lyon,2,2,2,2,2,4
2006,GroupC,Liverpool,PSV Eindhoven,2,0,2,0,2,0
2006,GroupD,Shakhtar Donetsk,AS Roma,1,0,1,0,1,4
2006,GroupA,Levski Sofia,Barcelona,0,2,0,2,0,7
2006,GroupB,Spartak Moskva,Bayern Munich,2,2,2,2,2,6
2006,GroupA,Werder Bremen,Chelsea,1,0,1,0,1,2
2006,GroupC,Girondins Bordeaux,Galatasaray,3,1,3,1,3,1
2006,GroupB,Internazionale,Sporting CP,1,0,1,0,1,1
2006,GroupD,Valencia CF,Olympiacos,2,0,2,0,6,2
2006,GroupD,AS Roma,Valencia CF,1,0,1,0,2,2
2006,GroupA,Barcelona,Werder Bremen,2,0,2,0,3,1
2006,GroupB,Bayern Munich,Internazionale,1,1,1,1,3,1
2006,GroupA,Chelsea,Levski Sofia,2,0,2,0,5,1
2006,GroupC,Galatasaray,Liverpool,3,2,3,2,5,5
2006,GroupC,PSV Eindhoven,Girondins Bordeaux,1,3,1,3,2,3
2006,GroupD,Olympiacos,Shakhtar Donetsk,1,1,1,1,3,3
2006,GroupB,Sporting CP,Spartak Moskva,1,3,1,3,2,4
2006,GroupH,AC Milan,Lille OSC,0,2,0,2,0,2
2006,GroupH,RSC Anderlecht,AEK Athens,2,2,2,2,3,3
2006,GroupG,FC Porto,Arsenal,0,0,0,0,0,2
2006,GroupF,Kobenhavn,Celtic,3,1,3,1,3,2
2006,GroupG,Hamburger SV,CSKA Moskva,3,2,3,2,3,3
2006,GroupE,Dinamo Kiev,Real Madrid,2,2,2,2,3,7
2006,GroupF,Manchester United,SL Benfica,3,1,3,1,4,1
2006,GroupE,Olympique Lyon,Steaua Bucuresti,1,1,1,1,4,1
2007,GroupD,AC Milan,SL Benfica,2,1,2,1,3,2
2007,GroupA,Olympique Marseille,Besiktas,2,0,2,0,3,2
2007,GroupD,Shakhtar Donetsk,Celtic,2,0,2,0,3,2
2007,GroupB,Chelsea,Rosenborg BK,1,1,1,1,5,1
2007,GroupA,FC Porto,Liverpool,1,1,1,1,2,5
2007,GroupC,Olympiacos,Lazio,1,1,1,1,3,2
2007,GroupC,Real Madrid,Werder Bremen,2,1,2,1,4,4
2007,GroupB,Schalke 04,Valencia CF,0,1,0,1,0,1
2007,GroupH,Arsenal,Sevilla,3,0,3,0,4,3
2007,GroupF,AS Roma,Dinamo Kiev,2,0,2,0,6,1
2007,GroupE,Barcelona,Olympique Lyon,3,0,3,0,5,2
2007,GroupG,PSV Eindhoven,CSKA Moskva,2,1,2,1,3,1
2007,GroupG,Fenerbahce,Internazionale,1,0,1,0,1,3
2007,GroupF,Sporting CP,Manchester United,0,1,0,1,1,3
2007,GroupE,Rangers,VfB Stuttgart,2,1,2,1,4,4
2007,GroupH,Slavia Praha,Steaua Bucuresti,2,1,2,1,3,2
2007,GroupF,Manchester United,AS Roma,1,0,1,0,2,1
2007,GroupH,Steaua Bucuresti,Arsenal,0,1,0,1,1,3
2007,GroupE,VfB Stuttgart,Barcelona,0,2,0,2,1,5
2007,GroupG,CSKA Moskva,Fenerbahce,2,2,2,2,3,5
2007,GroupF,Dinamo Kiev,Sporting CP,1,2,1,2,1,5
2007,GroupG,Internazionale,PSV Eindhoven,2,0,2,0,3,0
2007,GroupE,Olympique Lyon,Rangers,0,3,0,3,3,3
2007,GroupH,Sevilla,Slavia Praha,4,2,4,2,7,2
2007,GroupD,Celtic,AC Milan,2,1,2,1,2,2
2007,GroupA,Besiktas,FC Porto,0,1,0,1,0,3
2007,GroupB,Valencia CF,Chelsea,1,2,1,2,1,2
2007,GroupC,Lazio,Real Madrid,2,2,2,2,3,5
2007,GroupA,Liverpool,Olympique Marseille,0,1,0,1,4,1
2007,GroupC,Werder Bremen,Olympiacos,1,3,1,3,1,6
2007,GroupB,Rosenborg BK,Schalke 04,0,2,0,2,1,5
2007,GroupD,SL Benfica,Shakhtar Donetsk,0,1,0,1,2,2
2007,GroupH,Arsenal,Slavia Praha,7,0,7,0,7,0
2007,GroupF,AS Roma,Sporting CP,2,1,2,1,4,3
2007,GroupE,Rangers,Barcelona,0,0,0,0,0,2
2007,GroupG,CSKA Moskva,Internazionale,1,2,1,2,3,6
2007,GroupF,Dinamo Kiev,Manchester United,2,4,2,4,2,8
2007,GroupG,PSV Eindhoven,Fenerbahce,0,0,0,0,0,2
2007,GroupE,VfB Stuttgart,Olympique Lyon,0,2,0,2,2,6
2007,GroupH,Sevilla,Steaua Bucuresti,2,1,2,1,4,1
2007,GroupD,AC Milan,Shakhtar Donetsk,4,1,4,1,7,1
2007,GroupA,Besiktas,Liverpool,2,1,2,1,2,9
2007,GroupD,SL Benfica,Celtic,1,0,1,0,1,1
2007,GroupB,Chelsea,Schalke 04,2,0,2,0,2,0
2007,GroupA,Olympique Marseille,FC Porto,1,1,1,1,2,3
2007,GroupC,Werder Bremen,Lazio,2,1,2,1,3,3
2007,GroupC,Real Madrid,Olympiacos,4,2,4,2,4,2
2007,GroupB,Rosenborg BK,Valencia CF,2,0,2,0,4,0
2007,GroupD,Shakhtar Donetsk,AC Milan,0,3,0,3,1,7
2007,GroupA,Liverpool,Besiktas,8,0,8,0,9,2
2007,GroupD,Celtic,SL Benfica,1,0,1,0,1,1
2007,GroupB,Schalke 04,Chelsea,0,0,0,0,0,2
2007,GroupA,FC Porto,Olympique Marseille,2,1,2,1,3,2
2007,GroupC,Lazio,Werder Bremen,2,1,2,1,3,3
2007,GroupC,Olympiacos,Real Madrid,0,0,0,0,2,4
2007,GroupB,Valencia CF,Rosenborg BK,0,2,0,2,0,4
2007,GroupH,Slavia Praha,Arsenal,0,0,0,0,0,7
2007,GroupF,Sporting CP,AS Roma,2,2,2,2,3,4
2007,GroupE,Barcelona,Rangers,2,0,2,0,2,0
2007,GroupG,Internazionale,CSKA Moskva,4,2,4,2,6,3
2007,GroupF,Manchester United,Dinamo Kiev,4,0,4,0,8,2
2007,GroupG,Fenerbahce,PSV Eindhoven,2,0,2,0,2,0
2007,GroupE,Olympique Lyon,VfB Stuttgart,4,2,4,2,6,2
2007,GroupH,Steaua Bucuresti,Sevilla,0,2,0,2,1,4
2007,GroupH,Sevilla,Arsenal,3,1,3,1,3,4
2007,GroupF,Dinamo Kiev,AS Roma,1,4,1,4,1,6
2007,GroupE,Olympique Lyon,Barcelona,2,2,2,2,2,5
2007,GroupG,CSKA Moskva,PSV Eindhoven,0,1,0,1,1,3
2007,GroupG,Internazionale,Fenerbahce,3,0,3,0,3,1
2007,GroupF,Manchester United,Sporting CP,2,1,2,1,3,1
2007,GroupE,VfB Stuttgart,Rangers,3,2,3,2,4,4
2007,GroupH,Steaua Bucuresti,Slavia Praha,1,1,1,1,2,3
2007,GroupD,SL Benfica,AC Milan,1,1,1,1,2,3
2007,GroupA,Besiktas,Olympique Marseille,2,1,2,1,2,3
2007,GroupD,Celtic,Shakhtar Donetsk,2,1,2,1,2,3
2007,GroupB,Rosenborg BK,Chelsea,0,4,0,4,1,5
2007,GroupA,Liverpool,FC Porto,4,1,4,1,5,2
2007,GroupC,Lazio,Olympiacos,1,2,1,2,2,3
2007,GroupC,Werder Bremen,Real Madrid,3,2,3,2,4,4
2007,GroupB,Valencia CF,Schalke 04,0,0,0,0,1,0
2007,GroupD,AC Milan,Celtic,1,0,1,0,2,2
2007,GroupD,Shakhtar Donetsk,SL Benfica,1,2,1,2,2,2
2007,GroupA,FC Porto,Besiktas,2,0,2,0,3,0
2007,GroupB,Chelsea,Valencia CF,0,0,0,0,2,1
2007,GroupC,Real Madrid,Lazio,3,1,3,1,5,3
2007,GroupA,Olympique Marseille,Liverpool,0,4,0,4,1,4
2007,GroupC,Olympiacos,Werder Bremen,3,0,3,0,6,1
2007,GroupB,Schalke 04,Rosenborg BK,3,1,3,1,5,1
2007,GroupF,AS Roma,Manchester United,1,1,1,1,1,2
2007,GroupH,Arsenal,Steaua Bucuresti,2,1,2,1,3,1
2007,GroupE,Barcelona,VfB Stuttgart,3,1,3,1,5,1
2007,GroupG,Fenerbahce,CSKA Moskva,3,1,3,1,5,3
2007,GroupF,Sporting CP,Dinamo Kiev,3,0,3,0,5,1
2007,GroupG,PSV Eindhoven,Internazionale,0,1,0,1,0,3
2007,GroupE,Rangers,Olympique Lyon,0,3,0,3,3,3
2007,GroupH,Slavia Praha,Sevilla,0,3,0,3,2,7
2008,GroupB,Werder Bremen,Anorthosis Famagusta,0,0,0,0,2,2
2008,GroupA,AS Roma,CFR Cluj,1,2,1,2,4,3
2008,GroupD,PSV Eindhoven,Atletico Madrid,0,3,0,3,1,5
2008,GroupC,Barcelona,Sporting CP,3,1,3,1,8,3
2008,GroupC,Basel,Shakhtar Donetsk,1,2,1,2,1,7
2008,GroupA,Chelsea,Girondins Bordeaux,4,0,4,0,5,1
2008,GroupB,Panathinaikos,Internazionale,0,2,0,2,1,2
2008,GroupD,Olympique Marseille,Liverpool,1,2,1,2,1,3
2008,GroupE,Celtic,Aalborg BK,0,0,0,0,1,2
2008,GroupF,Olympique Lyon,ACF Fiorentina,2,2,2,2,4,3
2008,GroupG,Dinamo Kiev,Arsenal,1,1,1,1,1,2
2008,GroupH,Real Madrid,BATE Borisov,2,0,2,0,3,0
2008,GroupF,Steaua Bucuresti,Bayern Munich,0,1,0,1,0,4
2008,GroupG,FC Porto,Fenerbahce,3,1,3,1,5,2
2008,GroupH,Juventus,Zenit St. Petersburg,1,0,1,0,1,0
2008,GroupE,Manchester United,Villarreal,0,0,0,0,0,0
2008,GroupE,Aalborg BK,Manchester United,0,3,0,3,2,5
2008,GroupF,ACF Fiorentina,Steaua Bucuresti,0,0,0,0,1,0
2008,GroupG,Arsenal,FC Porto,4,0,4,0,4,2
2008,GroupH,BATE Borisov,Juventus,2,2,2,2,2,2
2008,GroupF,Bayern Munich,Olympique Lyon,1,1,1,1,4,3
2008,GroupE,Villarreal,Celtic,1,0,1,0,1,2
2008,GroupG,Fenerbahce,Dinamo Kiev,0,0,0,0,0,1
2008,GroupH,Zenit St. Petersburg,Real Madrid,1,2,1,2,1,5
2008,GroupB,Anorthosis Famagusta,Panathinaikos,3,1,3,1,3,2
2008,GroupA,Girondins Bordeaux,AS Roma,1,3,1,3,1,5
2008,GroupD,Atletico Madrid,Olympique Marseille,2,1,2,1,2,1
2008,GroupC,Shakhtar Donetsk,Barcelona,1,2,1,2,4,4
2008,GroupC,Sporting CP,Basel,2,0,2,0,3,0
2008,GroupA,CFR Cluj,Chelsea,0,0,0,0,1,2
2008,GroupB,Internazionale,Werder Bremen,1,1,1,1,2,3
2008,GroupD,Liverpool,PSV Eindhoven,3,1,3,1,6,2
2008,GroupE,Villarreal,Aalborg BK,6,3,6,3,8,5
2008,GroupF,Bayern Munich,ACF Fiorentina,3,0,3,0,4,1
2008,GroupG,Fenerbahce,Arsenal,2,5,2,5,2,5
2008,GroupH,Zenit St. Petersburg,BATE Borisov,1,1,1,1,3,1
2008,GroupE,Manchester United,Celtic,3,0,3,0,4,1
2008,GroupG,FC Porto,Dinamo Kiev,0,1,0,1,2,2
2008,GroupH,Juventus,Real Madrid,2,1,2,1,4,1
2008,GroupF,Steaua Bucuresti,Olympique Lyon,3,5,3,5,3,7
2008,GroupB,Internazionale,Anorthosis Famagusta,1,0,1,0,4,3
2008,GroupA,Chelsea,AS Roma,1,0,1,0,2,3
2008,GroupD,Atletico Madrid,Liverpool,1,1,1,1,2,2
2008,GroupC,Basel,Barcelona,0,5,0,5,1,6
2008,GroupA,Girondins Bordeaux,CFR Cluj,1,0,1,0,3,1
2008,GroupD,PSV Eindhoven,Olympique Marseille,2,0,2,0,2,3
2008,GroupB,Panathinaikos,Werder Bremen,2,2,2,2,5,2
2008,GroupC,Shakhtar Donetsk,Sporting CP,0,1,0,1,0,2
2008,GroupB,Anorthosis Famagusta,Internazionale,3,3,3,3,3,4
2008,GroupA,AS Roma,Chelsea,3,1,3,1,3,2
2008,GroupD,Liverpool,Atletico Madrid,1,1,1,1,2,2
2008,GroupC,Barcelona,Basel,1,1,1,1,6,1
2008,GroupA,CFR Cluj,Girondins Bordeaux,1,2,1,2,1,3
2008,GroupD,Olympique Marseille,PSV Eindhoven,3,0,3,0,3,2
2008,GroupB,Werder Bremen,Panathinaikos,0,3,0,3,2,5
2008,GroupC,Sporting CP,Shakhtar Donetsk,1,0,1,0,2,0
2008,GroupE,Aalborg BK,Villarreal,2,2,2,2,5,8
2008,GroupF,ACF Fiorentina,Bayern Munich,1,1,1,1,1,4
2008,GroupG,Arsenal,Fenerbahce,0,0,0,0,5,2
2008,GroupH,BATE Borisov,Zenit St. Petersburg,0,2,0,2,1,3
2008,GroupE,Celtic,Manchester United,1,1,1,1,1,4
2008,GroupG,Dinamo Kiev,FC Porto,1,2,1,2,2,2
2008,GroupH,Real Madrid,Juventus,0,2,0,2,1,4
2008,GroupF,Olympique Lyon,Steaua Bucuresti,2,0,2,0,7,3
2008,GroupE,Aalborg BK,Celtic,2,1,2,1,2,1
2008,GroupF,ACF Fiorentina,Olympique Lyon,1,2,1,2,3,4
2008,GroupG,Arsenal,Dinamo Kiev,1,0,1,0,2,1
2008,GroupH,BATE Borisov,Real Madrid,0,1,0,1,0,3
2008,GroupF,Bayern Munich,Steaua Bucuresti,3,0,3,0,4,0
2008,GroupG,Fenerbahce,FC Porto,1,2,1,2,2,5
2008,GroupH,Zenit St. Petersburg,Juventus,0,0,0,0,0,1
2008,GroupE,Villarreal,Manchester United,0,0,0,0,0,0
2008,GroupB,Anorthosis Famagusta,Werder Bremen,2,2,2,2,2,2
2008,GroupA,CFR Cluj,AS Roma,1,3,1,3,3,4
2008,GroupD,Atletico Madrid,PSV Eindhoven,2,1,2,1,5,1
2008,GroupC,Sporting CP,Barcelona,2,5,2,5,3,8
2008,GroupC,Shakhtar Donetsk,Basel,5,0,5,0,7,1
2008,GroupA,Girondins Bordeaux,Chelsea,1,1,1,1,1,5
2008,GroupB,Internazionale,Panathinaikos,0,1,0,1,2,1
2008,GroupD,Liverpool,Olympique Marseille,1,0,1,0,3,1
2008,GroupB,Panathinaikos,Anorthosis Famagusta,1,0,1,0,2,3
2008,GroupA,AS Roma,Girondins Bordeaux,2,0,2,0,5,1
2008,GroupD,Olympique Marseille,Atletico Madrid,0,0,0,0,1,2
2008,GroupC,Barcelona,Shakhtar Donetsk,2,3,2,3,4,4
2008,GroupC,Basel,Sporting CP,0,1,0,1,0,3
2008,GroupA,Chelsea,CFR Cluj,2,1,2,1,2,1
2008,GroupB,Werder Bremen,Internazionale,2,1,2,1,3,2
2008,GroupD,PSV Eindhoven,Liverpool,1,3,1,3,2,6
2008,GroupE,Manchester United,Aalborg BK,2,2,2,2,5,2
2008,GroupF,Steaua Bucuresti,ACF Fiorentina,0,1,0,1,0,1
2008,GroupG,FC Porto,Arsenal,2,0,2,0,2,4
2008,GroupH,Juventus,BATE Borisov,0,0,0,0,2,2
2008,GroupF,Olympique Lyon,Bayern Munich,2,3,2,3,3,4
2008,GroupE,Celtic,Villarreal,2,0,2,0,2,1
2008,GroupG,Dinamo Kiev,Fenerbahce,1,0,1,0,1,0
2008,GroupH,Real Madrid,Zenit St. Petersburg,3,0,3,0,5,1
2009,GroupC,Olympique Marseille,AC Milan,1,2,1,2,2,3
2009,GroupD,Atletico Madrid,APOEL Nikosia,0,0,0,0,1,1
2009,GroupA,Maccabi Haifa,Bayern Munich,0,3,0,3,0,4
2009,GroupB,Besiktas,Manchester United,0,1,0,1,1,1
2009,GroupD,Chelsea,FC Porto,1,0,1,0,2,0
2009,GroupB,VfL Wolfsburg,CSKA Moskva,3,1,3,1,4,3
2009,GroupC,FC Zurich,Real Madrid,2,5,2,5,2,6
2009,GroupA,Juventus,Girondins Bordeaux,1,1,1,1,1,3
2009,GroupF,Internazionale,Barcelona,0,0,0,0,0,2
2009,GroupE,Olympique Lyon,ACF Fiorentina,1,0,1,0,1,1
2009,GroupH,Standard Liege,Arsenal,2,3,2,3,2,5
2009,GroupH,Olympiacos,AZ Alkmaar,1,0,1,0,1,0
2009,GroupE,Liverpool,Debreceni VSC,1,0,1,0,2,0
2009,GroupF,Dinamo Kiev,Rubin Kazan,3,1,3,1,3,1
2009,GroupG,VfB Stuttgart,Rangers,1,1,1,1,3,1
2009,GroupG,Sevilla,Unirea Urziceni,2,0,2,0,2,1
2009,GroupE,ACF Fiorentina,Liverpool,2,0,2,0,4,1
2009,GroupH,Arsenal,Olympiacos,2,0,2,0,2,1
2009,GroupH,AZ Alkmaar,Standard Liege,1,1,1,1,2,2
2009,GroupF,Barcelona,Dinamo Kiev,2,0,2,0,4,1
2009,GroupE,Debreceni VSC,Olympique Lyon,0,4,0,4,0,8
2009,GroupF,Rubin Kazan,Internazionale,1,1,1,1,1,3
2009,GroupG,Rangers,Sevilla,1,4,1,4,1,5
2009,GroupG,Unirea Urziceni,VfB Stuttgart,1,1,1,1,2,4
2009,GroupC,AC Milan,FC Zurich,0,1,0,1,1,2
2009,GroupD,APOEL Nikosia,Chelsea,0,1,0,1,2,3
2009,GroupD,FC Porto,Atletico Madrid,2,0,2,0,5,0
2009,GroupA,Bayern Munich,Juventus,0,0,0,0,4,1
2009,GroupB,CSKA Moskva,Besiktas,2,1,2,1,4,2
2009,GroupA,Girondins Bordeaux,Maccabi Haifa,1,0,1,0,2,0
2009,GroupB,Manchester United,VfL Wolfsburg,2,1,2,1,5,2
2009,GroupC,Real Madrid,Olympique Marseille,3,0,3,0,6,1
2009,GroupE,Debreceni VSC,ACF Fiorentina,3,4,3,4,5,9
2009,GroupH,AZ Alkmaar,Arsenal,1,1,1,1,2,5
2009,GroupF,Barcelona,Rubin Kazan,1,2,1,2,1,2
2009,GroupF,Internazionale,Dinamo Kiev,2,2,2,2,4,3
2009,GroupE,Liverpool,Olympique Lyon,1,2,1,2,2,3
2009,GroupH,Olympiacos,Standard Liege,2,1,2,1,2,3
2009,GroupG,Rangers,Unirea Urziceni,1,4,1,4,2,5
2009,GroupG,VfB Stuttgart,Sevilla,1,3,1,3,2,4
2009,GroupC,Real Madrid,AC Milan,2,3,2,3,3,4
2009,GroupD,FC Porto,APOEL Nikosia,2,1,2,1,3,1
2009,GroupD,Chelsea,Atletico Madrid,4,0,4,0,6,2
2009,GroupA,Girondins Bordeaux,Bayern Munich,2,1,2,1,4,1
2009,GroupB,VfL Wolfsburg,Besiktas,0,0,0,0,3,0
2009,GroupB,CSKA Moskva,Manchester United,0,1,0,1,3,4
2009,GroupC,FC Zurich,Olympique Marseille,0,1,0,1,1,7
2009,GroupA,Juventus,Maccabi Haifa,1,0,1,0,2,0
2009,GroupC,AC Milan,Real Madrid,1,1,1,1,4,3
2009,GroupD,APOEL Nikosia,FC Porto,0,1,0,1,1,3
2009,GroupD,Atletico Madrid,Chelsea,2,2,2,2,2,6
2009,GroupA,Bayern Munich,Girondins Bordeaux,0,2,0,2,1,4
2009,GroupB,Besiktas,VfL Wolfsburg,0,3,0,3,0,3
2009,GroupB,Manchester United,CSKA Moskva,3,3,3,3,4,3
2009,GroupC,Olympique Marseille,FC Zurich,6,1,6,1,7,1
2009,GroupA,Maccabi Haifa,Juventus,0,1,0,1,0,2
2009,GroupE,ACF Fiorentina,Debreceni VSC,5,2,5,2,9,5
2009,GroupH,Arsenal,AZ Alkmaar,4,1,4,1,5,2
2009,GroupF,Rubin Kazan,Barcelona,0,0,0,0,2,1
2009,GroupF,Dinamo Kiev,Internazionale,1,2,1,2,3,4
2009,GroupE,Olympique Lyon,Liverpool,1,1,1,1,3,2
2009,GroupH,Standard Liege,Olympiacos,2,0,2,0,3,2
2009,GroupG,Unirea Urziceni,Rangers,1,1,1,1,5,2
2009,GroupG,Sevilla,VfB Stuttgart,1,1,1,1,4,2
2009,GroupF,Barcelona,Internazionale,2,0,2,0,2,0
2009,GroupE,ACF Fiorentina,Olympique Lyon,1,0,1,0,1,1
2009,GroupH,Arsenal,Standard Liege,2,0,2,0,5,2
2009,GroupH,AZ Alkmaar,Olympiacos,0,0,0,0,0,1
2009,GroupE,Debreceni VSC,Liverpool,0,1,0,1,0,2
2009,GroupF,Rubin Kazan,Dinamo Kiev,0,0,0,0,1,3
2009,GroupG,Rangers,VfB Stuttgart,0,2,0,2,1,3
2009,GroupG,Unirea Urziceni,Sevilla,1,0,1,0,1,2
2009,GroupC,AC Milan,Olympique Marseille,1,1,1,1,3,2
2009,GroupD,APOEL Nikosia,Atletico Madrid,1,1,1,1,1,1
2009,GroupA,Bayern Munich,Maccabi Haifa,1,0,1,0,4,0
2009,GroupB,Manchester United,Besiktas,0,1,0,1,1,1
2009,GroupD,FC Porto,Chelsea,0,1,0,1,0,2
2009,GroupB,CSKA Moskva,VfL Wolfsburg,2,1,2,1,3,4
2009,GroupC,Real Madrid,FC Zurich,1,0,1,0,6,2
2009,GroupA,Girondins Bordeaux,Juventus,2,0,2,0,3,1
2009,GroupC,FC Zurich,AC Milan,1,1,1,1,2,1
2009,GroupD,Chelsea,APOEL Nikosia,2,2,2,2,3,2
2009,GroupD,Atletico Madrid,FC Porto,0,3,0,3,0,5
2009,GroupA,Juventus,Bayern Munich,1,4,1,4,1,4
2009,GroupB,Besiktas,CSKA Moskva,1,2,1,2,2,4
2009,GroupA,Maccabi Haifa,Girondins Bordeaux,0,1,0,1,0,2
2009,GroupB,VfL Wolfsburg,Manchester United,1,3,1,3,2,5
2009,GroupC,Olympique Marseille,Real Madrid,1,3,1,3,1,6
2009,GroupE,Liverpool,ACF Fiorentina,1,2,1,2,1,4
2009,GroupH,Olympiacos,Arsenal,1,0,1,0,1,2
2009,GroupH,Standard Liege,AZ Alkmaar,1,1,1,1,2,2
2009,GroupF,Dinamo Kiev,Barcelona,1,2,1,2,1,4
2009,GroupE,Olympique Lyon,Debreceni VSC,4,0,4,0,8,0
2009,GroupF,Internazionale,Rubin Kazan,2,0,2,0,3,1
2009,GroupG,Sevilla,Rangers,1,0,1,0,5,1
2009,GroupG,VfB Stuttgart,Unirea Urziceni,3,1,3,1,4,2
2010,GroupD,Barcelona,Panathinaikos,5,1,5,1,8,1
2010,GroupC,Bursaspor,Valencia CF,0,4,0,4,1,10
2010,GroupB,SL Benfica,Hapoel Tel Aviv,2,0,2,0,2,3
2010,GroupA,Twente,Internazionale,2,2,2,2,2,3
2010,GroupD,Kobenhavn,Rubin Kazan,1,0,1,0,1,1
2010,GroupC,Manchester United,Rangers,0,0,0,0,1,0
2010,GroupB,Olympique Lyon,Schalke 04,1,0,1,0,1,3
2010,GroupA,Werder Bremen,Tottenham Hotspur,2,2,2,2,2,5
2010,GroupG,AC Milan,AJ Auxerre,2,0,2,0,4,0
2010,GroupG,Real Madrid,AFC Ajax,2,0,2,0,6,0
2010,GroupH,Arsenal,Sporting Braga,6,0,6,0,6,2
2010,GroupE,Bayern Munich,AS Roma,2,0,2,0,4,3
2010,GroupE,CFR Cluj,Basel,2,1,2,1,2,2
2010,GroupF,MSK Zilina,Chelsea,1,4,1,4,2,6
2010,GroupF,Olympique Marseille,Spartak Moskva,0,1,0,1,3,1
2010,GroupH,Shakhtar Donetsk,Partizan Belgrade,1,0,1,0,4,0
2010,GroupG,AFC Ajax,AC Milan,1,1,1,1,3,1
2010,GroupG,AJ Auxerre,Real Madrid,0,1,0,1,0,5
2010,GroupE,AS Roma,CFR Cluj,2,1,2,1,3,2
2010,GroupE,Basel,Bayern Munich,1,2,1,2,1,5
2010,GroupF,Chelsea,Olympique Marseille,2,0,2,0,2,1
2010,GroupF,Spartak Moskva,MSK Zilina,3,0,3,0,5,1
2010,GroupH,Sporting Braga,Shakhtar Donetsk,0,3,0,3,0,5
2010,GroupH,Partizan Belgrade,Arsenal,1,3,1,3,2,6
2010,GroupD,Rubin Kazan,Barcelona,1,1,1,1,1,3
2010,GroupC,Rangers,Bursaspor,1,0,1,0,2,1
2010,GroupB,Hapoel Tel Aviv,Olympique Lyon,1,3,1,3,3,5
2010,GroupA,Internazionale,Werder Bremen,4,0,4,0,4,3
2010,GroupD,Panathinaikos,Kobenhavn,0,2,0,2,1,5
2010,GroupC,Valencia CF,Manchester United,0,1,0,1,1,2
2010,GroupB,Schalke 04,SL Benfica,2,0,2,0,4,1
2010,GroupA,Tottenham Hotspur,Twente,4,1,4,1,7,4
2010,GroupG,Real Madrid,AC Milan,2,0,2,0,4,2
2010,GroupG,AFC Ajax,AJ Auxerre,2,1,2,1,3,3
2010,GroupH,Arsenal,Shakhtar Donetsk,5,1,5,1,6,3
2010,GroupE,AS Roma,Basel,1,3,1,3,4,5
2010,GroupE,Bayern Munich,CFR Cluj,3,2,3,2,7,2
2010,GroupF,Spartak Moskva,Chelsea,0,2,0,2,1,6
2010,GroupF,Olympique Marseille,MSK Zilina,1,0,1,0,8,0
2010,GroupH,Sporting Braga,Partizan Belgrade,2,0,2,0,3,0
2010,GroupD,Barcelona,Kobenhavn,2,0,2,0,3,1
2010,GroupC,Manchester United,Bursaspor,1,0,1,0,4,0
2010,GroupB,Schalke 04,Hapoel Tel Aviv,3,1,3,1,3,1
2010,GroupA,Internazionale,Tottenham Hotspur,4,3,4,3,5,6
2010,GroupB,Olympique Lyon,SL Benfica,2,0,2,0,5,4
2010,GroupD,Panathinaikos,Rubin Kazan,0,0,0,0,0,0
2010,GroupC,Rangers,Valencia CF,1,1,1,1,1,4
2010,GroupA,Twente,Werder Bremen,1,1,1,1,3,1
2010,GroupD,Kobenhavn,Barcelona,1,1,1,1,1,3
2010,GroupC,Bursaspor,Manchester United,0,3,0,3,0,4
2010,GroupB,Hapoel Tel Aviv,Schalke 04,0,0,0,0,1,3
2010,GroupA,Tottenham Hotspur,Internazionale,3,1,3,1,6,5
2010,GroupB,SL Benfica,Olympique Lyon,4,3,4,3,4,5
2010,GroupD,Rubin Kazan,Panathinaikos,0,0,0,0,0,0
2010,GroupC,Valencia CF,Rangers,3,0,3,0,4,1
2010,GroupA,Werder Bremen,Twente,0,2,0,2,1,3
2010,GroupG,AC Milan,Real Madrid,2,2,2,2,2,4
2010,GroupG,AJ Auxerre,AFC Ajax,2,1,2,1,3,3
2010,GroupH,Shakhtar Donetsk,Arsenal,2,1,2,1,3,6
2010,GroupE,Basel,AS Roma,2,3,2,3,5,4
2010,GroupE,CFR Cluj,Bayern Munich,0,4,0,4,2,7
2010,GroupF,Chelsea,Spartak Moskva,4,1,4,1,6,1
2010,GroupF,MSK Zilina,Olympique Marseille,0,7,0,7,0,8
2010,GroupH,Partizan Belgrade,Sporting Braga,0,1,0,1,0,3
2010,GroupG,AJ Auxerre,AC Milan,0,2,0,2,0,4
2010,GroupG,AFC Ajax,Real Madrid,0,4,0,4,0,6
2010,GroupH,Sporting Braga,Arsenal,2,0,2,0,2,6
2010,GroupE,AS Roma,Bayern Munich,3,2,3,2,3,4
2010,GroupE,Basel,CFR Cluj,1,0,1,0,2,2
2010,GroupF,Chelsea,MSK Zilina,2,1,2,1,6,2
2010,GroupF,Spartak Moskva,Olympique Marseille,0,3,0,3,1,3
2010,GroupH,Partizan Belgrade,Shakhtar Donetsk,0,3,0,3,0,4
2010,GroupD,Panathinaikos,Barcelona,0,3,0,3,1,8
2010,GroupC,Valencia CF,Bursaspor,6,1,6,1,10,1
2010,GroupB,Hapoel Tel Aviv,SL Benfica,3,0,3,0,3,2
2010,GroupA,Internazionale,Twente,1,0,1,0,3,2
2010,GroupD,Rubin Kazan,Kobenhavn,1,0,1,0,1,1
2010,GroupC,Rangers,Manchester United,0,1,0,1,0,1
2010,GroupB,Schalke 04,Olympique Lyon,3,0,3,0,3,1
2010,GroupA,Tottenham Hotspur,Werder Bremen,3,0,3,0,5,2
2010,GroupD,Barcelona,Rubin Kazan,2,0,2,0,3,1
2010,GroupC,Bursaspor,Rangers,1,1,1,1,1,2
2010,GroupB,Olympique Lyon,Hapoel Tel Aviv,2,2,2,2,5,3
2010,GroupA,Werder Bremen,Internazionale,3,0,3,0,3,4
2010,GroupD,Kobenhavn,Panathinaikos,3,1,3,1,5,1
2010,GroupC,Manchester United,Valencia CF,1,1,1,1,2,1
2010,GroupB,SL Benfica,Schalke 04,1,2,1,2,1,4
2010,GroupA,Twente,Tottenham Hotspur,3,3,3,3,4,7
2010,GroupG,AC Milan,AFC Ajax,0,2,0,2,1,3
2010,GroupG,Real Madrid,AJ Auxerre,4,0,4,0,5,0
2010,GroupE,CFR Cluj,AS Roma,1,1,1,1,2,3
2010,GroupE,Bayern Munich,Basel,3,0,3,0,5,1
2010,GroupF,Olympique Marseille,Chelsea,1,0,1,0,1,2
2010,GroupF,MSK Zilina,Spartak Moskva,1,2,1,2,1,5
2010,GroupH,Shakhtar Donetsk,Sporting Braga,2,0,2,0,5,0
2010,GroupH,Arsenal,Partizan Belgrade,3,1,3,1,6,2
2011,GroupH,Barcelona,AC Milan,2,2,2,2,5,4
2011,GroupG,APOEL Nikosia,Zenit St. Petersburg,2,1,2,1,2,1
2011,GroupF,Borussia Dortmund,Arsenal,1,1,1,1,2,3
2011,GroupH,Viktoria Plzen,BATE Borisov,1,1,1,1,2,1
2011,GroupE,Chelsea,Bayer Leverkusen,2,0,2,0,3,2
2011,GroupG,FC Porto,Shakhtar Donetsk,2,1,2,1,4,1
2011,GroupE,KRC Genk,Valencia CF,0,0,0,0,0,7
2011,GroupF,Olympiacos,Olympique Marseille,0,1,0,1,1,1
2011,GroupD,AFC Ajax,Olympique Lyon,0,0,0,0,0,0
2011,GroupC,Basel,Otelul Galati,2,1,2,1,5,3
2011,GroupA,Villarreal,Bayern Munich,0,2,0,2,1,5
2011,GroupB,Lille OSC,CSKA Moskva,2,2,2,2,4,2
2011,GroupD,Dinamo Zagreb,Real Madrid,0,1,0,1,2,7
2011,GroupB,Internazionale,Trabzonspor,0,1,0,1,1,2
2011,GroupA,Manchester City,SSC Napoli,1,1,1,1,2,3
2011,GroupC,SL Benfica,Manchester United,1,1,1,1,3,3
2011,GroupD,Real Madrid,AFC Ajax,3,0,3,0,6,0
2011,GroupC,Manchester United,Basel,3,3,3,3,4,5
2011,GroupA,Bayern Munich,Manchester City,2,0,2,0,2,2
2011,GroupB,CSKA Moskva,Internazionale,2,3,2,3,4,4
2011,GroupD,Olympique Lyon,Dinamo Zagreb,2,0,2,0,9,1
2011,GroupB,Trabzonspor,Lille OSC,1,1,1,1,1,1
2011,GroupC,Otelul Galati,SL Benfica,0,1,0,1,0,2
2011,GroupA,SSC Napoli,Villarreal,2,0,2,0,4,0
2011,GroupH,AC Milan,Viktoria Plzen,2,0,2,0,4,2
2011,GroupG,Shakhtar Donetsk,APOEL Nikosia,1,1,1,1,3,1
2011,GroupF,Arsenal,Olympiacos,2,1,2,1,3,4
2011,GroupH,BATE Borisov,Barcelona,0,5,0,5,0,9
2011,GroupE,Bayer Leverkusen,KRC Genk,2,0,2,0,3,1
2011,GroupF,Olympique Marseille,Borussia Dortmund,3,0,3,0,6,2
2011,GroupE,Valencia CF,Chelsea,1,1,1,1,1,4
2011,GroupG,Zenit St. Petersburg,FC Porto,3,1,3,1,3,1
2011,GroupD,Dinamo Zagreb,AFC Ajax,0,2,0,2,0,6
2011,GroupC,Basel,SL Benfica,0,2,0,2,1,3
2011,GroupA,SSC Napoli,Bayern Munich,1,1,1,1,3,4
2011,GroupB,CSKA Moskva,Trabzonspor,3,0,3,0,3,0
2011,GroupB,Lille OSC,Internazionale,0,1,0,1,1,3
2011,GroupA,Manchester City,Villarreal,2,1,2,1,5,1
2011,GroupC,Otelul Galati,Manchester United,0,2,0,2,0,4
2011,GroupD,Real Madrid,Olympique Lyon,4,0,4,0,6,0
2011,GroupH,AC Milan,BATE Borisov,2,0,2,0,3,1
2011,GroupG,FC Porto,APOEL Nikosia,1,1,1,1,2,3
2011,GroupF,Olympique Marseille,Arsenal,0,1,0,1,0,1
2011,GroupH,Barcelona,Viktoria Plzen,2,0,2,0,6,0
2011,GroupE,Bayer Leverkusen,Valencia CF,2,1,2,1,3,4
2011,GroupF,Olympiacos,Borussia Dortmund,3,1,3,1,3,2
2011,GroupE,Chelsea,KRC Genk,5,0,5,0,6,1
2011,GroupG,Shakhtar Donetsk,Zenit St. Petersburg,2,2,2,2,2,3
2011,GroupH,BATE Borisov,AC Milan,1,1,1,1,1,3
2011,GroupG,APOEL Nikosia,FC Porto,2,1,2,1,3,2
2011,GroupF,Arsenal,Olympique Marseille,0,0,0,0,1,0
2011,GroupH,Viktoria Plzen,Barcelona,0,4,0,4,0,6
2011,GroupE,Valencia CF,Bayer Leverkusen,3,1,3,1,4,3
2011,GroupF,Borussia Dortmund,Olympiacos,1,0,1,0,2,3
2011,GroupE,KRC Genk,Chelsea,1,1,1,1,1,6
2011,GroupG,Zenit St. Petersburg,Shakhtar Donetsk,1,0,1,0,3,2
2011,GroupD,AFC Ajax,Dinamo Zagreb,4,0,4,0,6,0
2011,GroupC,SL Benfica,Basel,1,1,1,1,3,1
2011,GroupA,Bayern Munich,SSC Napoli,3,2,3,2,4,3
2011,GroupB,Trabzonspor,CSKA Moskva,0,0,0,0,0,3
2011,GroupB,Internazionale,Lille OSC,2,1,2,1,3,1
2011,GroupA,Villarreal,Manchester City,0,3,0,3,1,5
2011,GroupC,Manchester United,Otelul Galati,2,0,2,0,4,0
2011,GroupD,Olympique Lyon,Real Madrid,0,2,0,2,0,6
2011,GroupD,Olympique Lyon,AFC Ajax,0,0,0,0,0,0
2011,GroupC,Otelul Galati,Basel,2,3,2,3,3,5
2011,GroupA,Bayern Munich,Villarreal,3,1,3,1,5,1
2011,GroupB,CSKA Moskva,Lille OSC,0,2,0,2,2,4
2011,GroupD,Real Madrid,Dinamo Zagreb,6,2,6,2,7,2
2011,GroupB,Trabzonspor,Internazionale,1,1,1,1,2,1
2011,GroupA,SSC Napoli,Manchester City,2,1,2,1,3,2
2011,GroupC,Manchester United,SL Benfica,2,2,2,2,3,3
2011,GroupH,AC Milan,Barcelona,2,3,2,3,4,5
2011,GroupG,Zenit St. Petersburg,APOEL Nikosia,0,0,0,0,1,2
2011,GroupF,Arsenal,Borussia Dortmund,2,1,2,1,3,2
2011,GroupH,BATE Borisov,Viktoria Plzen,0,1,0,1,1,2
2011,GroupE,Bayer Leverkusen,Chelsea,2,1,2,1,2,3
2011,GroupG,Shakhtar Donetsk,FC Porto,0,2,0,2,1,4
2011,GroupE,Valencia CF,KRC Genk,7,0,7,0,7,0
2011,GroupF,Olympique Marseille,Olympiacos,0,1,0,1,1,1
2011,GroupH,Viktoria Plzen,AC Milan,2,2,2,2,2,4
2011,GroupG,APOEL Nikosia,Shakhtar Donetsk,0,2,0,2,1,3
2011,GroupF,Olympiacos,Arsenal,3,1,3,1,4,3
2011,GroupH,Barcelona,BATE Borisov,4,0,4,0,9,0
2011,GroupE,KRC Genk,Bayer Leverkusen,1,1,1,1,1,3
2011,GroupF,Borussia Dortmund,Olympique Marseille,2,3,2,3,2,6
2011,GroupE,Chelsea,Valencia CF,3,0,3,0,4,1
2011,GroupG,FC Porto,Zenit St. Petersburg,0,0,0,0,1,3
2011,GroupD,AFC Ajax,Real Madrid,0,3,0,3,0,6
2011,GroupC,Basel,Manchester United,2,1,2,1,5,4
2011,GroupA,Manchester City,Bayern Munich,2,0,2,0,2,2
2011,GroupB,Internazionale,CSKA Moskva,1,2,1,2,4,4
2011,GroupD,Dinamo Zagreb,Olympique Lyon,1,7,1,7,1,9
2011,GroupB,Lille OSC,Trabzonspor,0,0,0,0,1,1
2011,GroupC,SL Benfica,Otelul Galati,1,0,1,0,2,0
2011,GroupA,Villarreal,SSC Napoli,0,2,0,2,0,4
2012,GroupC,AC Milan,RSC Anderlecht,0,0,0,0,3,1
2012,GroupD,Borussia Dortmund,AFC Ajax,1,0,1,0,5,1
2012,GroupB,Montpellier HSC,Arsenal,1,2,1,2,1,4
2012,GroupA,Paris Saint-Germain,Dinamo Kiev,4,1,4,1,6,1
2012,GroupA,Dinamo Zagreb,FC Porto,0,2,0,2,0,5
2012,GroupC,Malaga CF,Zenit St. Petersburg,3,0,3,0,5,2
2012,GroupD,Real Madrid,Manchester City,3,2,3,2,4,3
2012,GroupB,Olympiacos,Schalke 04,1,2,1,2,1,3
2012,GroupG,Barcelona,Spartak Moskva,3,2,3,2,6,2
2012,GroupF,Lille OSC,BATE Borisov,1,3,1,3,3,3
2012,GroupF,Bayern Munich,Valencia CF,2,1,2,1,3,2
2012,GroupG,Celtic,SL Benfica,0,0,0,0,1,2
2012,GroupH,Sporting Braga,CFR Cluj,0,2,0,2,1,5
2012,GroupE,Chelsea,Juventus,2,2,2,2,2,5
2012,GroupH,Manchester United,Galatasaray,1,0,1,0,1,1
2012,GroupE,Shakhtar Donetsk,Nordsjaelland,2,0,2,0,7,2
2012,GroupG,SL Benfica,Barcelona,0,2,0,2,0,2
2012,GroupF,BATE Borisov,Bayern Munich,3,1,3,1,4,5
2012,GroupG,Spartak Moskva,Celtic,2,3,2,3,3,5
2012,GroupH,CFR Cluj,Manchester United,1,2,1,2,2,2
2012,GroupE,Nordsjaelland,Chelsea,0,4,0,4,1,10
2012,GroupH,Galatasaray,Sporting Braga,0,2,0,2,2,3
2012,GroupE,Juventus,Shakhtar Donetsk,1,1,1,1,2,1
2012,GroupF,Valencia CF,Lille OSC,2,0,2,0,3,0
2012,GroupC,Zenit St. Petersburg,AC Milan,2,3,2,3,3,3
2012,GroupD,AFC Ajax,Real Madrid,1,4,1,4,2,8
2012,GroupB,Arsenal,Olympiacos,3,1,3,1,4,3
2012,GroupD,Manchester City,Borussia Dortmund,1,1,1,1,1,2
2012,GroupA,Dinamo Kiev,Dinamo Zagreb,2,0,2,0,3,1
2012,GroupA,FC Porto,Paris Saint-Germain,1,0,1,0,2,2
2012,GroupC,RSC Anderlecht,Malaga CF,0,3,0,3,2,5
2012,GroupB,Schalke 04,Montpellier HSC,2,2,2,2,3,3
2012,GroupG,Barcelona,Celtic,2,1,2,1,3,3
2012,GroupF,BATE Borisov,Valencia CF,0,3,0,3,2,7
2012,GroupF,Lille OSC,Bayern Munich,0,1,0,1,1,7
2012,GroupH,Galatasaray,CFR Cluj,1,1,1,1,4,2
2012,GroupE,Shakhtar Donetsk,Chelsea,2,1,2,1,4,4
2012,GroupE,Nordsjaelland,Juventus,1,1,1,1,1,5
2012,GroupH,Manchester United,Sporting Braga,3,2,3,2,6,3
2012,GroupG,Spartak Moskva,SL Benfica,2,1,2,1,2,3
2012,GroupD,Borussia Dortmund,Real Madrid,2,1,2,1,4,3
2012,GroupC,Malaga CF,AC Milan,1,0,1,0,2,1
2012,GroupD,AFC Ajax,Manchester City,3,1,3,1,5,3
2012,GroupB,Arsenal,Schalke 04,0,2,0,2,2,4
2012,GroupA,FC Porto,Dinamo Kiev,3,2,3,2,3,2
2012,GroupA,Dinamo Zagreb,Paris Saint-Germain,0,2,0,2,0,6
2012,GroupB,Montpellier HSC,Olympiacos,1,2,1,2,2,5
2012,GroupC,Zenit St. Petersburg,RSC Anderlecht,1,0,1,0,1,1
2012,GroupD,Real Madrid,Borussia Dortmund,2,2,2,2,3,4
2012,GroupC,AC Milan,Malaga CF,1,1,1,1,1,2
2012,GroupD,Manchester City,AFC Ajax,2,2,2,2,3,5
2012,GroupB,Schalke 04,Arsenal,2,2,2,2,4,2
2012,GroupA,Dinamo Kiev,FC Porto,0,0,0,0,2,3
2012,GroupA,Paris Saint-Germain,Dinamo Zagreb,4,0,4,0,6,0
2012,GroupB,Olympiacos,Montpellier HSC,3,1,3,1,5,2
2012,GroupC,RSC Anderlecht,Zenit St. Petersburg,1,0,1,0,1,1
2012,GroupG,Celtic,Barcelona,2,1,2,1,3,3
2012,GroupF,Valencia CF,BATE Borisov,4,2,4,2,7,2
2012,GroupF,Bayern Munich,Lille OSC,6,1,6,1,7,1
2012,GroupH,CFR Cluj,Galatasaray,1,3,1,3,2,4
2012,GroupE,Chelsea,Shakhtar Donetsk,3,2,3,2,4,4
2012,GroupE,Juventus,Nordsjaelland,4,0,4,0,5,1
2012,GroupH,Sporting Braga,Manchester United,1,3,1,3,3,6
2012,GroupG,SL Benfica,Spartak Moskva,2,0,2,0,3,2
2012,GroupG,Spartak Moskva,Barcelona,0,3,0,3,2,6
2012,GroupF,BATE Borisov,Lille OSC,0,2,0,2,3,3
2012,GroupF,Valencia CF,Bayern Munich,1,1,1,1,2,3
2012,GroupG,SL Benfica,Celtic,2,1,2,1,2,1
2012,GroupH,CFR Cluj,Sporting Braga,3,1,3,1,5,1
2012,GroupE,Juventus,Chelsea,3,0,3,0,5,2
2012,GroupH,Galatasaray,Manchester United,1,0,1,0,1,1
2012,GroupE,Nordsjaelland,Shakhtar Donetsk,2,5,2,5,2,7
2012,GroupC,RSC Anderlecht,AC Milan,1,3,1,3,1,3
2012,GroupD,AFC Ajax,Borussia Dortmund,1,4,1,4,1,5
2012,GroupB,Arsenal,Montpellier HSC,2,0,2,0,4,1
2012,GroupA,Dinamo Kiev,Paris Saint-Germain,0,2,0,2,1,6
2012,GroupA,FC Porto,Dinamo Zagreb,3,0,3,0,5,0
2012,GroupC,Zenit St. Petersburg,Malaga CF,2,2,2,2,2,5
2012,GroupD,Manchester City,Real Madrid,1,1,1,1,3,4
2012,GroupB,Schalke 04,Olympiacos,1,0,1,0,3,1
2012,GroupC,AC Milan,Zenit St. Petersburg,0,1,0,1,3,3
2012,GroupD,Real Madrid,AFC Ajax,4,1,4,1,8,2
2012,GroupB,Olympiacos,Arsenal,2,1,2,1,3,4
2012,GroupD,Borussia Dortmund,Manchester City,1,0,1,0,2,1
2012,GroupA,Dinamo Zagreb,Dinamo Kiev,1,1,1,1,1,3
2012,GroupA,Paris Saint-Germain,FC Porto,2,1,2,1,2,2
2012,GroupC,Malaga CF,RSC Anderlecht,2,2,2,2,5,2
2012,GroupB,Montpellier HSC,Schalke 04,1,1,1,1,3,3
2012,GroupG,Barcelona,SL Benfica,0,0,0,0,2,0
2012,GroupF,Bayern Munich,BATE Borisov,4,1,4,1,5,4
2012,GroupG,Celtic,Spartak Moskva,2,1,2,1,5,3
2012,GroupH,Manchester United,CFR Cluj,0,1,0,1,2,2
2012,GroupE,Chelsea,Nordsjaelland,6,1,6,1,10,1
2012,GroupH,Sporting Braga,Galatasaray,1,2,1,2,3,2
2012,GroupE,Shakhtar Donetsk,Juventus,0,1,0,1,1,2
2012,GroupF,Lille OSC,Valencia CF,0,1,0,1,0,3
2013,GroupA,Manchester United,Bayer Leverkusen,4,2,4,2,9,2
2013,GroupD,Bayern Munich,CSKA Moskva,3,0,3,0,6,1
2013,GroupB,Galatasaray,Real Madrid,1,6,1,6,2,10
2013,GroupB,Kobenhavn,Juventus,1,1,1,1,2,4
2013,GroupD,Viktoria Plzen,Manchester City,0,3,0,3,2,7
2013,GroupC,Olympiacos,Paris Saint-Germain,1,4,1,4,2,6
2013,GroupA,Real Sociedad,Shakhtar Donetsk,0,2,0,2,0,6
2013,GroupC,SL Benfica,RSC Anderlecht,2,0,2,0,5,2
2013,GroupH,AC Milan,Celtic,2,0,2,0,5,0
2013,GroupH,Barcelona,AFC Ajax,4,0,4,0,5,2
2013,GroupF,Olympique Marseille,Arsenal,1,2,1,2,1,4
2013,GroupG,Atletico Madrid,Zenit St. Petersburg,3,1,3,1,4,2
2013,GroupG,Austria Wien,FC Porto,0,1,0,1,1,2
2013,GroupE,Chelsea,Basel,1,2,1,2,1,3
2013,GroupF,SSC Napoli,Borussia Dortmund,2,1,2,1,3,4
2013,GroupE,Schalke 04,Steaua Bucuresti,3,0,3,0,3,0
2013,GroupH,AFC Ajax,AC Milan,1,1,1,1,1,1
2013,GroupF,Arsenal,SSC Napoli,2,0,2,0,2,2
2013,GroupG,FC Porto,Atletico Madrid,1,2,1,2,1,4
2013,GroupG,Zenit St. Petersburg,Austria Wien,0,0,0,0,1,4
2013,GroupH,Celtic,Barcelona,0,1,0,1,1,7
2013,GroupE,Basel,Schalke 04,0,1,0,1,0,3
2013,GroupF,Borussia Dortmund,Olympique Marseille,3,0,3,0,5,1
2013,GroupE,Steaua Bucuresti,Chelsea,0,4,0,4,0,5
2013,GroupA,Bayer Leverkusen,Real Sociedad,2,1,2,1,3,1
2013,GroupD,Manchester City,Bayern Munich,1,3,1,3,4,5
2013,GroupD,CSKA Moskva,Viktoria Plzen,3,2,3,2,4,4
2013,GroupB,Juventus,Galatasaray,2,2,2,2,2,3
2013,GroupB,Real Madrid,Kobenhavn,4,0,4,0,6,0
2013,GroupA,Shakhtar Donetsk,Manchester United,1,1,1,1,1,2
2013,GroupC,RSC Anderlecht,Olympiacos,0,3,0,3,1,6
2013,GroupC,Paris Saint-Germain,SL Benfica,3,0,3,0,4,2
2013,GroupH,AC Milan,Barcelona,1,1,1,1,2,4
2013,GroupH,Celtic,AFC Ajax,2,1,2,1,2,2
2013,GroupF,Arsenal,Borussia Dortmund,1,2,1,2,2,2
2013,GroupG,Austria Wien,Atletico Madrid,0,3,0,3,0,7
2013,GroupE,Steaua Bucuresti,Basel,1,1,1,1,2,2
2013,GroupE,Schalke 04,Chelsea,0,3,0,3,0,6
2013,GroupG,FC Porto,Zenit St. Petersburg,0,1,0,1,1,2
2013,GroupF,Olympique Marseille,SSC Napoli,1,2,1,2,3,5
2013,GroupA,Bayer Leverkusen,Shakhtar Donetsk,4,0,4,0,4,0
2013,GroupD,Bayern Munich,Viktoria Plzen,5,0,5,0,6,0
2013,GroupD,CSKA Moskva,Manchester City,1,2,1,2,3,7
2013,GroupB,Galatasaray,Kobenhavn,3,1,3,1,3,2
2013,GroupB,Real Madrid,Juventus,2,1,2,1,4,3
2013,GroupA,Manchester United,Real Sociedad,1,0,1,0,1,0
2013,GroupC,SL Benfica,Olympiacos,1,1,1,1,1,2
2013,GroupC,RSC Anderlecht,Paris Saint-Germain,0,5,0,5,1,6
2013,GroupA,Shakhtar Donetsk,Bayer Leverkusen,0,0,0,0,0,4
2013,GroupD,Viktoria Plzen,Bayern Munich,0,1,0,1,0,6
2013,GroupD,Manchester City,CSKA Moskva,5,2,5,2,7,3
2013,GroupB,Kobenhavn,Galatasaray,1,0,1,0,2,3
2013,GroupB,Juventus,Real Madrid,2,2,2,2,3,4
2013,GroupA,Real Sociedad,Manchester United,0,0,0,0,0,1
2013,GroupC,Olympiacos,SL Benfica,1,0,1,0,2,1
2013,GroupC,Paris Saint-Germain,RSC Anderlecht,1,1,1,1,6,1
2013,GroupH,Barcelona,AC Milan,3,1,3,1,4,2
2013,GroupH,AFC Ajax,Celtic,1,0,1,0,2,2
2013,GroupF,Borussia Dortmund,Arsenal,0,1,0,1,2,2
2013,GroupG,Atletico Madrid,Austria Wien,4,0,4,0,7,0
2013,GroupE,Basel,Steaua Bucuresti,1,1,1,1,2,2
2013,GroupE,Chelsea,Schalke 04,3,0,3,0,6,0
2013,GroupG,Zenit St. Petersburg,FC Porto,1,1,1,1,2,1
2013,GroupF,SSC Napoli,Olympique Marseille,3,2,3,2,5,3
2013,GroupH,Celtic,AC Milan,0,3,0,3,0,5
2013,GroupH,AFC Ajax,Barcelona,2,1,2,1,2,5
2013,GroupF,Arsenal,Olympique Marseille,2,0,2,0,4,1
2013,GroupG,Zenit St. Petersburg,Atletico Madrid,1,1,1,1,2,4
2013,GroupG,FC Porto,Austria Wien,1,1,1,1,2,1
2013,GroupE,Basel,Chelsea,1,0,1,0,3,1
2013,GroupF,Borussia Dortmund,SSC Napoli,3,1,3,1,4,3
2013,GroupE,Steaua Bucuresti,Schalke 04,0,0,0,0,0,3
2013,GroupA,Bayer Leverkusen,Manchester United,0,5,0,5,2,9
2013,GroupD,CSKA Moskva,Bayern Munich,1,3,1,3,1,6
2013,GroupB,Real Madrid,Galatasaray,4,1,4,1,10,2
2013,GroupB,Juventus,Kobenhavn,3,1,3,1,4,2
2013,GroupD,Manchester City,Viktoria Plzen,4,2,4,2,7,2
2013,GroupC,Paris Saint-Germain,Olympiacos,2,1,2,1,6,2
2013,GroupA,Shakhtar Donetsk,Real Sociedad,4,0,4,0,6,0
2013,GroupC,RSC Anderlecht,SL Benfica,2,3,2,3,2,5
2013,GroupA,Real Sociedad,Bayer Leverkusen,0,1,0,1,1,3
2013,GroupD,Bayern Munich,Manchester City,2,3,2,3,5,4
2013,GroupD,Viktoria Plzen,CSKA Moskva,2,1,2,1,4,4
2013,GroupB,Kobenhavn,Real Madrid,0,2,0,2,0,6
2013,GroupA,Manchester United,Shakhtar Donetsk,1,0,1,0,2,1
2013,GroupC,Olympiacos,RSC Anderlecht,3,1,3,1,6,1
2013,GroupC,SL Benfica,Paris Saint-Germain,2,1,2,1,2,4
2013,GroupH,AC Milan,AFC Ajax,0,0,0,0,1,1
2013,GroupF,SSC Napoli,Arsenal,2,0,2,0,2,2
2013,GroupG,Atletico Madrid,FC Porto,2,0,2,0,4,1
2013,GroupG,Austria Wien,Zenit St. Petersburg,4,1,4,1,4,1
2013,GroupH,Barcelona,Celtic,6,1,6,1,7,1
2013,GroupE,Schalke 04,Basel,2,0,2,0,3,0
2013,GroupF,Olympique Marseille,Borussia Dortmund,1,2,1,2,1,5
2013,GroupE,Chelsea,Steaua Bucuresti,1,0,1,0,5,0
2013,GroupB,Galatasaray,Juventus,1,0,1,0,3,2
2014,GroupD,Borussia Dortmund,Arsenal,2,0,2,0,2,2
2014,GroupC,AS Monaco,Bayer Leverkusen,1,0,1,0,2,0
2014,GroupA,Olympiacos,Atletico Madrid,3,2,3,2,3,6
2014,GroupB,Real Madrid,Basel,5,1,5,1,6,1
2014,GroupD,Galatasaray,RSC Anderlecht,1,1,1,1,1,3
2014,GroupA,Juventus,Malmo FF,2,0,2,0,4,0
2014,GroupB,Liverpool,PFC Ludogorets Razgrad,2,1,2,1,4,3
2014,GroupC,SL Benfica,Zenit St. Petersburg,0,2,0,2,0,3
2014,GroupF,AFC Ajax,Paris Saint-Germain,1,1,1,1,2,4
2014,GroupF,Barcelona,APOEL Nikosia,1,0,1,0,5,0
2014,GroupE,AS Roma,CSKA Moskva,5,1,5,1,6,2
2014,GroupH,Athletic Bilbao,Shakhtar Donetsk,0,0,0,0,1,0
2014,GroupH,FC Porto,BATE Borisov,6,0,6,0,9,0
2014,GroupE,Bayern Munich,Manchester City,1,0,1,0,3,3
2014,GroupG,Chelsea,Schalke 04,1,1,1,1,6,1
2014,GroupG,NK Maribor,Sporting CP,1,1,1,1,2,4
2014,GroupF,Paris Saint-Germain,Barcelona,3,2,3,2,4,5
2014,GroupF,APOEL Nikosia,AFC Ajax,1,1,1,1,1,5
2014,GroupE,Manchester City,AS Roma,1,1,1,1,3,1
2014,GroupH,BATE Borisov,Athletic Bilbao,2,1,2,1,2,3
2014,GroupE,CSKA Moskva,Bayern Munich,0,1,0,1,0,4
2014,GroupG,Sporting CP,Chelsea,0,1,0,1,1,4
2014,GroupH,Shakhtar Donetsk,FC Porto,2,2,2,2,3,3
2014,GroupG,Schalke 04,NK Maribor,1,1,1,1,2,1
2014,GroupD,Arsenal,Galatasaray,4,1,4,1,8,2
2014,GroupC,Zenit St. Petersburg,AS Monaco,0,0,0,0,0,2
2014,GroupA,Atletico Madrid,Juventus,1,0,1,0,1,0
2014,GroupB,Basel,Liverpool,1,0,1,0,2,1
2014,GroupC,Bayer Leverkusen,SL Benfica,3,1,3,1,3,1
2014,GroupD,RSC Anderlecht,Borussia Dortmund,0,3,0,3,1,4
2014,GroupA,Malmo FF,Olympiacos,2,0,2,0,4,4
2014,GroupB,PFC Ludogorets Razgrad,Real Madrid,1,2,1,2,1,6
2014,GroupF,Barcelona,AFC Ajax,3,1,3,1,5,1
2014,GroupF,APOEL Nikosia,Paris Saint-Germain,0,1,0,1,0,2
2014,GroupE,AS Roma,Bayern Munich,1,7,1,7,1,9
2014,GroupH,FC Porto,Athletic Bilbao,2,1,2,1,4,1
2014,GroupH,BATE Borisov,Shakhtar Donetsk,0,7,0,7,0,12
2014,GroupG,Chelsea,NK Maribor,6,0,6,0,7,1
2014,GroupE,CSKA Moskva,Manchester City,2,2,2,2,4,3
2014,GroupG,Schalke 04,Sporting CP,4,3,4,3,6,7
2014,GroupD,RSC Anderlecht,Arsenal,1,2,1,2,4,5
2014,GroupC,AS Monaco,SL Benfica,0,0,0,0,0,1
2014,GroupA,Atletico Madrid,Malmo FF,5,0,5,0,7,0
2014,GroupB,PFC Ludogorets Razgrad,Basel,1,0,1,0,1,4
2014,GroupC,Bayer Leverkusen,Zenit St. Petersburg,2,0,2,0,4,1
2014,GroupD,Galatasaray,Borussia Dortmund,0,4,0,4,1,8
2014,GroupA,Olympiacos,Juventus,1,0,1,0,3,3
2014,GroupB,Liverpool,Real Madrid,0,3,0,3,0,4
2014,GroupD,Arsenal,RSC Anderlecht,3,3,3,3,5,4
2014,GroupC,SL Benfica,AS Monaco,1,0,1,0,1,0
2014,GroupA,Malmo FF,Atletico Madrid,0,2,0,2,0,7
2014,GroupB,Basel,PFC Ludogorets Razgrad,4,0,4,0,4,1
2014,GroupC,Zenit St. Petersburg,Bayer Leverkusen,1,2,1,2,1,4
2014,GroupD,Borussia Dortmund,Galatasaray,4,1,4,1,8,1
2014,GroupA,Juventus,Olympiacos,3,2,3,2,3,3
2014,GroupB,Real Madrid,Liverpool,1,0,1,0,4,0
2014,GroupF,AFC Ajax,Barcelona,0,2,0,2,1,5
2014,GroupF,Paris Saint-Germain,APOEL Nikosia,1,0,1,0,2,0
2014,GroupE,Bayern Munich,AS Roma,2,0,2,0,9,1
2014,GroupH,Athletic Bilbao,FC Porto,0,2,0,2,1,4
2014,GroupH,Shakhtar Donetsk,BATE Borisov,5,0,5,0,12,0
2014,GroupG,NK Maribor,Chelsea,1,1,1,1,1,7
2014,GroupE,Manchester City,CSKA Moskva,1,2,1,2,3,4
2014,GroupG,Sporting CP,Schalke 04,4,2,4,2,7,6
2014,GroupF,Paris Saint-Germain,AFC Ajax,3,1,3,1,4,2
2014,GroupF,APOEL Nikosia,Barcelona,0,4,0,4,0,5
2014,GroupE,CSKA Moskva,AS Roma,1,1,1,1,2,6
2014,GroupH,Shakhtar Donetsk,Athletic Bilbao,0,1,0,1,0,1
2014,GroupH,BATE Borisov,FC Porto,0,3,0,3,0,9
2014,GroupE,Manchester City,Bayern Munich,3,2,3,2,3,3
2014,GroupG,Schalke 04,Chelsea,0,5,0,5,1,6
2014,GroupG,Sporting CP,NK Maribor,3,1,3,1,4,2
2014,GroupD,Arsenal,Borussia Dortmund,2,0,2,0,2,2
2014,GroupC,Bayer Leverkusen,AS Monaco,0,1,0,1,0,2
2014,GroupA,Atletico Madrid,Olympiacos,4,0,4,0,6,3
2014,GroupB,Basel,Real Madrid,0,1,0,1,1,6
2014,GroupD,RSC Anderlecht,Galatasaray,2,0,2,0,3,1
2014,GroupA,Malmo FF,Juventus,0,2,0,2,0,4
2014,GroupB,PFC Ludogorets Razgrad,Liverpool,2,2,2,2,3,4
2014,GroupC,Zenit St. Petersburg,SL Benfica,1,0,1,0,3,0
2014,GroupD,Galatasaray,Arsenal,1,4,1,4,2,8
2014,GroupC,AS Monaco,Zenit St. Petersburg,2,0,2,0,2,0
2014,GroupA,Juventus,Atletico Madrid,0,0,0,0,0,1
2014,GroupB,Liverpool,Basel,1,1,1,1,1,2
2014,GroupC,SL Benfica,Bayer Leverkusen,0,0,0,0,1,3
2014,GroupD,Borussia Dortmund,RSC Anderlecht,1,1,1,1,4,1
2014,GroupA,Olympiacos,Malmo FF,4,2,4,2,4,4
2014,GroupB,Real Madrid,PFC Ludogorets Razgrad,4,0,4,0,6,1
2014,GroupF,Barcelona,Paris Saint-Germain,3,1,3,1,5,4
2014,GroupF,AFC Ajax,APOEL Nikosia,4,0,4,0,5,1
2014,GroupE,AS Roma,Manchester City,0,2,0,2,1,3
2014,GroupH,Athletic Bilbao,BATE Borisov,2,0,2,0,3,2
2014,GroupE,Bayern Munich,CSKA Moskva,3,0,3,0,4,0
2014,GroupG,Chelsea,Sporting CP,3,1,3,1,4,1
2014,GroupH,FC Porto,Shakhtar Donetsk,1,1,1,1,3,3
2014,GroupG,NK Maribor,Schalke 04,0,1,0,1,1,2
2015,GroupC,Galatasaray,Atletico Madrid,0,2,0,2,0,4
2015,GroupD,Sevilla,Borussia Monchengladbach,3,0,3,0,5,4
2015,GroupB,VfL Wolfsburg,CSKA Moskva,1,0,1,0,3,0
2015,GroupC,SL Benfica,Astana,2,0,2,0,4,2
2015,GroupD,Manchester City,Juventus,1,2,1,2,1,3
2015,GroupA,Paris Saint-Germain,Malmo FF,2,0,2,0,7,0
2015,GroupB,PSV Eindhoven,Manchester United,2,1,2,1,2,1
2015,GroupA,Real Madrid,Shakhtar Donetsk,4,0,4,0,8,3
2015,GroupF,Dinamo Zagreb,Arsenal,2,1,2,1,2,4
2015,GroupE,AS Roma,Barcelona,1,1,1,1,2,7
2015,GroupE,Bayer Leverkusen,BATE Borisov,4,1,4,1,5,2
2015,GroupF,Olympiacos,Bayern Munich,0,3,0,3,0,7
2015,GroupG,Chelsea,Maccabi Tel Aviv,4,0,4,0,8,0
2015,GroupG,Dinamo Kiev,FC Porto,2,2,2,2,4,2
2015,GroupH,Gent,Olympique Lyon,1,1,1,1,3,2
2015,GroupH,Valencia CF,Zenit St. Petersburg,2,3,2,3,2,5
2015,GroupF,Arsenal,Olympiacos,2,3,2,3,5,3
2015,GroupE,BATE Borisov,AS Roma,3,2,3,2,3,2
2015,GroupE,Barcelona,Bayer Leverkusen,2,1,2,1,3,2
2015,GroupF,Bayern Munich,Dinamo Zagreb,5,0,5,0,7,0
2015,GroupG,FC Porto,Chelsea,2,1,2,1,2,3
2015,GroupG,Maccabi Tel Aviv,Dinamo Kiev,0,2,0,2,0,3
2015,GroupH,Zenit St. Petersburg,Gent,2,1,2,1,3,3
2015,GroupH,Olympique Lyon,Valencia CF,0,1,0,1,2,1
2015,GroupC,Atletico Madrid,SL Benfica,1,2,1,2,3,3
2015,GroupD,Borussia Monchengladbach,Manchester City,1,2,1,2,3,6
2015,GroupB,CSKA Moskva,PSV Eindhoven,3,2,3,2,4,4
2015,GroupC,Astana,Galatasaray,2,2,2,2,3,3
2015,GroupD,Juventus,Sevilla,2,0,2,0,2,1
2015,GroupA,Malmo FF,Real Madrid,0,2,0,2,0,10
2015,GroupB,Manchester United,VfL Wolfsburg,2,1,2,1,4,4
2015,GroupA,Shakhtar Donetsk,Paris Saint-Germain,0,3,0,3,0,5
2015,GroupF,Arsenal,Bayern Munich,2,0,2,0,3,5
2015,GroupE,Bayer Leverkusen,AS Roma,4,4,4,4,6,7
2015,GroupE,BATE Borisov,Barcelona,0,2,0,2,0,5
2015,GroupG,Dinamo Kiev,Chelsea,0,0,0,0,1,2
2015,GroupF,Dinamo Zagreb,Olympiacos,0,1,0,1,1,3
2015,GroupG,FC Porto,Maccabi Tel Aviv,2,0,2,0,5,1
2015,GroupH,Valencia CF,Gent,2,1,2,1,2,2
2015,GroupH,Zenit St. Petersburg,Olympique Lyon,3,1,3,1,5,1
2015,GroupC,Atletico Madrid,Astana,4,0,4,0,4,0
2015,GroupD,Juventus,Borussia Monchengladbach,0,0,0,0,1,1
2015,GroupB,CSKA Moskva,Manchester United,1,1,1,1,1,2
2015,GroupC,Galatasaray,SL Benfica,2,1,2,1,3,3
2015,GroupA,Malmo FF,Shakhtar Donetsk,1,0,1,0,1,4
2015,GroupD,Manchester City,Sevilla,2,1,2,1,5,2
2015,GroupA,Paris Saint-Germain,Real Madrid,0,0,0,0,0,1
2015,GroupB,VfL Wolfsburg,PSV Eindhoven,2,0,2,0,2,2
2015,GroupC,Astana,Atletico Madrid,0,0,0,0,0,4
2015,GroupD,Borussia Monchengladbach,Juventus,1,1,1,1,1,1
2015,GroupB,Manchester United,CSKA Moskva,1,0,1,0,2,1
2015,GroupC,SL Benfica,Galatasaray,2,1,2,1,3,3
2015,GroupA,Shakhtar Donetsk,Malmo FF,4,0,4,0,4,1
2015,GroupD,Sevilla,Manchester City,1,3,1,3,2,5
2015,GroupA,Real Madrid,Paris Saint-Germain,1,0,1,0,1,0
2015,GroupB,PSV Eindhoven,VfL Wolfsburg,2,0,2,0,2,2
2015,GroupF,Bayern Munich,Arsenal,5,1,5,1,5,3
2015,GroupE,AS Roma,Bayer Leverkusen,3,2,3,2,7,6
2015,GroupE,Barcelona,BATE Borisov,3,0,3,0,5,0
2015,GroupG,Chelsea,Dinamo Kiev,2,1,2,1,2,1
2015,GroupF,Olympiacos,Dinamo Zagreb,2,1,2,1,3,1
2015,GroupG,Maccabi Tel Aviv,FC Porto,1,3,1,3,1,5
2015,GroupH,Gent,Valencia CF,1,0,1,0,2,2
2015,GroupH,Olympique Lyon,Zenit St. Petersburg,0,2,0,2,1,5
2015,GroupF,Arsenal,Dinamo Zagreb,3,0,3,0,4,2
2015,GroupE,Barcelona,AS Roma,6,1,6,1,7,2
2015,GroupE,BATE Borisov,Bayer Leverkusen,1,1,1,1,2,5
2015,GroupF,Bayern Munich,Olympiacos,4,0,4,0,7,0
2015,GroupG,Maccabi Tel Aviv,Chelsea,0,4,0,4,0,8
2015,GroupG,FC Porto,Dinamo Kiev,0,2,0,2,2,4
2015,GroupH,Olympique Lyon,Gent,1,2,1,2,2,3
2015,GroupH,Zenit St. Petersburg,Valencia CF,2,0,2,0,5,2
2015,GroupC,Atletico Madrid,Galatasaray,2,0,2,0,4,0
2015,GroupD,Borussia Monchengladbach,Sevilla,4,2,4,2,4,5
2015,GroupB,CSKA Moskva,VfL Wolfsburg,0,2,0,2,0,3
2015,GroupC,Astana,SL Benfica,2,2,2,2,2,4
2015,GroupD,Juventus,Manchester City,1,0,1,0,3,1
2015,GroupA,Malmo FF,Paris Saint-Germain,0,5,0,5,0,7
2015,GroupB,Manchester United,PSV Eindhoven,0,0,0,0,1,2
2015,GroupA,Shakhtar Donetsk,Real Madrid,3,4,3,4,3,8
2015,GroupC,SL Benfica,Atletico Madrid,1,2,1,2,3,3
2015,GroupD,Manchester City,Borussia Monchengladbach,4,2,4,2,6,3
2015,GroupB,PSV Eindhoven,CSKA Moskva,2,1,2,1,4,4
2015,GroupC,Galatasaray,Astana,1,1,1,1,3,3
2015,GroupD,Sevilla,Juventus,1,0,1,0,1,2
2015,GroupA,Real Madrid,Malmo FF,8,0,8,0,10,0
2015,GroupB,VfL Wolfsburg,Manchester United,3,2,3,2,4,4
2015,GroupA,Paris Saint-Germain,Shakhtar Donetsk,2,0,2,0,5,0
2015,GroupF,Olympiacos,Arsenal,0,3,0,3,3,5
2015,GroupE,AS Roma,BATE Borisov,0,0,0,0,2,3
2015,GroupE,Bayer Leverkusen,Barcelona,1,1,1,1,2,3
2015,GroupF,Dinamo Zagreb,Bayern Munich,0,2,0,2,0,7
2015,GroupG,Chelsea,FC Porto,2,0,2,0,3,2
2015,GroupG,Dinamo Kiev,Maccabi Tel Aviv,1,0,1,0,3,0
2015,GroupH,Gent,Zenit St. Petersburg,2,1,2,1,3,3
2015,GroupH,Valencia CF,Olympique Lyon,0,2,0,2,1,2
